ts,cpu_total_pct,mem_used_bytes,mem_total_bytes,proc_rss_bytes,disk_read_bytes,disk_write_bytes,net_bytes_sent,net_bytes_recv
1760290232.4603388,0.0,6235967488,134892691456,159780864,35829912064,583760393216,434743108030,474350093294
1760290233.0480287,4.1,6354370560,134892691456,163450880,35829934592,583760450560,434743109232,474350094496
1760290233.5492456,4.4,6476005376,134892691456,163450880,35829934592,583760450560,434743272268,474350688929
1760290234.0505464,4.4,6614872064,134892691456,163450880,35829934592,583760450560,434743272589,474350689250
1760290234.5515513,7.3,7666155520,134892691456,163713024,35830731264,583760450560,435921172591,475528611124
1760290235.0527854,14.9,10350555136,134892691456,163713024,35830759936,583760450560,438256995967,477864434500
1760290235.5542905,36.3,12885798912,134892691456,163713024,35830873600,583760450560,440276316059,479887279373
1760290236.0561368,52.4,13764894720,134892691456,164499456,35830907392,583760450560,440789924008,480400887322
1760290236.5575156,51.9,14037372928,134892691456,164499456,35830907392,583760450560,440790067773,480401297862
1760290237.058485,51.5,14041210880,134892691456,164499456,35830907392,583760450560,440790068094,480401298183
1760290237.5593252,51.8,14057472000,134892691456,164499456,35830907392,583760450560,440790090822,480401321610
1760290238.0603561,51.6,14063333376,134892691456,164499456,35830907392,583760892928,440790091143,480401321931
1760290238.561394,51.7,14057472000,134892691456,164499456,35830907392,583760892928,440790118181,480401349184
1760290239.0621176,51.5,14058266624,134892691456,164499456,35830907392,583760892928,440790118502,480401349505
1760290239.5629566,51.9,14055141376,134892691456,164499456,35830907392,583760892928,440790135091,480401366364
1760290240.063853,51.5,14056550400,134892691456,164499456,35830907392,583760892928,440790135412,480401366685
1760290240.5648832,51.6,14051618816,134892691456,164499456,35830907392,583760892928,440790151989,480401383373
1760290241.065889,51.7,14058684416,134892691456,164499456,35830907392,583760892928,440790152310,480401383694
1760290241.566886,51.5,14063329280,134892691456,164499456,35830907392,583760892928,440790169790,480401401838
1760290242.0679371,51.7,14065283072,134892691456,164499456,35830907392,583760892928,440790170111,480401402159
1760290242.5688825,51.6,14066872320,134892691456,164499456,35830907392,583760892928,440790188979,480401421068
1760290243.0699565,52.0,14067752960,134892691456,164499456,35830907392,583761318912,440790189300,480401421389
1760290243.570872,51.7,14074163200,134892691456,164499456,35830907392,583761318912,440790210324,480401442730
1760290244.071729,52.0,14080475136,134892691456,164499456,35830907392,583761318912,440790210645,480401443051
1760290244.5726898,52.1,14081888256,134892691456,164499456,35830907392,583761318912,440790228659,480401461525
1760290245.0735428,51.6,14086479872,134892691456,164499456,35830907392,583761318912,440790229916,480401462782
1760290245.5743825,52.1,14091931648,134892691456,164499456,35830907392,583761318912,440790248696,480401481562
1760290246.0752475,51.5,14095650816,134892691456,164499456,35830907392,583761318912,440790251861,480401485139
1760290246.5761304,52.1,14093795328,134892691456,164499456,35830907392,583761318912,440790267313,480401500591
1760290247.0770142,51.5,14102769664,134892691456,164499456,35830907392,583761318912,440790269071,480401502630
1760290247.577848,51.7,14103891968,134892691456,164499456,35830907392,583761318912,440790284798,480401518357
1760290248.078696,52.0,14103887872,134892691456,164499456,35830907392,583761318912,440790286581,480401519942
1760290248.579542,51.7,14105509888,134892691456,164499456,35830907392,583761318912,440790306388,480401539749
1760290249.0804977,52.0,14111014912,134892691456,164499456,35830907392,583761318912,440790307475,480401541021
1760290249.5814776,51.7,14120808448,134892691456,164499456,35830907392,583761318912,440790322927,480401556473
1760290250.0823307,52.3,14136819712,134892691456,164499456,35830907392,583761318912,440790324739,480401558578
1760290250.5834336,51.7,14124765184,134892691456,164499456,35830907392,583761318912,440790340191,480401574030
1760290251.0856867,51.6,14129897472,134892691456,164499456,35830907392,583761318912,440790342297,480401576751
1760290251.5866358,52.0,14137413632,134892691456,164499456,35830907392,583761318912,440790357749,480401592203
1760290252.0874965,51.6,14143414272,134892691456,164499456,35830907392,583761318912,440790359958,480401594733
1760290252.5886767,52.1,14142607360,134892691456,164499456,35830907392,583761318912,440790375685,480401610460
1760290253.0908074,51.7,14153404416,134892691456,164499456,35830907392,583761318912,440790378538,480401613456
1760290253.5917597,51.7,14165528576,134892691456,164499456,35830907392,583761318912,440790398345,480401633263
1760290254.0928104,52.0,14165807104,134892691456,164499456,35830907392,583761318912,440790399373,480401634366
1760290254.5938158,51.7,14173290496,134892691456,164499456,35830907392,583761318912,440790414825,480401649818
1760290255.0948026,52.3,14174425088,134892691456,164499456,35830907392,583761318912,440790417561,480401652886
1760290255.5958474,51.6,14181134336,134892691456,164499456,35830907392,583761318912,440790435197,480401670522
1760290256.0968392,52.0,14212255744,134892691456,164499456,35830907392,583761318912,440790442158,480401677964
1760290256.5978484,52.2,14214578176,134892691456,164499456,35830907392,583761318912,440790458858,480401694664
1760290257.0988684,52.1,14236962816,134892691456,164499456,35830907392,583761318912,440790461654,480401698048
1760290257.5998912,52.1,14262480896,134892691456,164499456,35830907392,583761318912,440790477381,480401713775
1760290258.1007595,51.6,14268506112,134892691456,164499456,35830907392,583761318912,440790479673,480401716709
1760290258.601847,51.9,14286028800,134892691456,164499456,35830907392,583761318912,440790499480,480401736516
1760290259.102674,51.6,14292332544,134892691456,164499456,35830907392,583761318912,440790500943,480401738079
1760290259.6034968,52.0,14312497152,134892691456,164499456,35830907392,583761318912,440790516395,480401753531
1760290260.1046808,51.6,14311002112,134892691456,164499456,35830907392,583761318912,440790529005,480402037101
1760290260.6056879,51.5,14322356224,134892691456,164499456,35830907392,583761318912,440790544457,480402052553
1760290261.1065164,51.8,14328401920,134892691456,164499456,35830907392,583761318912,440790545560,480402053745
1760290261.607384,51.7,14333046784,134892691456,164499456,35830907392,583761318912,440790561012,480402069197
1760290262.1082788,51.8,14348144640,134892691456,164499456,35830907392,583761318912,440790562115,480402070713
1760290262.6091464,51.6,14357176320,134892691456,164499456,35830907392,583761318912,440790577842,480402086440
1760290263.1099803,51.6,14355136512,134892691456,164499456,35830907392,583761318912,440790579291,480402088170
1760290263.6108797,51.6,14358233088,134892691456,164499456,35830907392,583761318912,440790599098,480402107977
1760290264.111706,51.5,14357741568,134892691456,164499456,35830907392,583761318912,440790599849,480402109119
1760290264.6125324,51.6,14361341952,134892691456,164499456,35830907392,583761318912,440790615301,480402124571
1760290265.1133919,51.6,14361616384,134892691456,164499456,35830907392,583761318912,440790617864,480402127212
1760290265.6142397,51.5,14364340224,134892691456,164499456,35830907392,583761318912,440790635500,480402144848
1760290266.11511,51.6,14366351360,134892691456,164499456,35830907392,583761318912,440790639817,480402149518
1760290266.6158345,51.6,14372028416,134892691456,164499456,35830907392,583761318912,440790656517,480402166218
1760290267.1168876,51.6,14374019072,134892691456,165023744,35830907392,583761318912,440790662119,480402172729
1760290267.6178803,51.5,14379954176,134892691456,165023744,35830907392,583761318912,440790677846,480402188456
1760290268.1187255,51.5,14382350336,134892691456,165023744,35830907392,583761318912,440790679788,480402190779
1760290268.6197007,52.0,14387310592,134892691456,165023744,35830907392,583761318912,440790699595,480402210586
1760290269.1208608,51.9,14392262656,134892691456,165023744,35830907392,583761318912,440790699916,480402210907
1760290269.6217253,51.9,14401691648,134892691456,165023744,35830907392,583761318912,440790715798,480402227185
1760290270.1226418,51.6,14404333568,134892691456,165023744,35830907392,583761318912,440790716119,480402227506
1760290270.6234665,51.7,14412648448,134892691456,165023744,35830907392,583761318912,440790732725,480402244102
1760290271.1245205,51.6,14422970368,134892691456,165023744,35830907392,583761318912,440790733046,480402244423
1760290271.6253262,51.6,14426583040,134892691456,165023744,35830907392,583761318912,440790749431,480402261151
1760290272.1260393,51.7,14429491200,134892691456,165023744,35830907392,583761318912,440790749752,480402261472
1760290272.626733,51.7,14439354368,134892691456,165023744,35830907392,583761318912,440790766399,480402278082
1760290273.1275945,51.6,14441275392,134892691456,165023744,35830907392,583761318912,440790766720,480402278403
1760290273.6285667,51.7,14449328128,134892691456,165023744,35830907392,583761318912,440790792191,480402304398
1760290274.1295416,51.7,14455250944,134892691456,165023744,35830907392,583761318912,440790792512,480402304719
1760290274.6302636,51.6,14458605568,134892691456,165023744,35830907392,583761318912,440790824346,480402532623
1760290275.1312218,51.5,14464094208,134892691456,165023744,35830907392,583761318912,440790824667,480402532944
1760290275.6322317,51.6,14467448832,134892691456,165285888,35830907392,583761318912,440790843347,480402552179
1760290276.1332223,51.7,14470029312,134892691456,165285888,35830907392,583761318912,440790845852,480402554684
1760290276.6341522,51.6,14484738048,134892691456,165285888,35830907392,583761318912,440790863592,480402573008
1760290277.1350262,51.5,14489124864,134892691456,165285888,35830907392,583761318912,440790865161,480402574577
1760290277.6358416,51.7,14491693056,134892691456,165285888,35830907392,583761318912,440790881378,480402591009
1760290278.1368742,51.6,14495305728,134892691456,165285888,35830907392,583761318912,440790881699,480402591330
1760290278.637881,51.6,14496854016,134892691456,165285888,35830907392,583761318912,440790913638,480402624185
1760290279.138724,51.9,14513938432,134892691456,165285888,35830907392,583761318912,440790913959,480402624506
1760290279.63962,51.7,14524469248,134892691456,165285888,35830907392,583761318912,440790932617,480402643282
1760290280.1405165,52.1,14528995328,134892691456,165285888,35830907392,583761318912,440790932938,480402643603
1760290280.6418123,51.8,14550413312,134892691456,165285888,35830907392,583761318912,440790953151,480402664096
1760290281.1428804,51.7,14556160000,134892691456,165285888,35830907392,583761318912,440790953472,480402664417
1760290281.6438086,51.7,14576029696,134892691456,165285888,35830907392,583761318912,440790974246,480402685840
1760290282.14471,51.7,14579056640,134892691456,165285888,35830907392,583761318912,440790974567,480402686161
1760290282.6455824,51.8,14612860928,134892691456,165285888,35830907392,583761318912,440790995089,480402707032
1760290283.1464806,51.5,14616023040,134892691456,165285888,35830907392,583761318912,440790995410,480402707353
1760290283.6473835,51.6,14617620480,134892691456,165285888,35830907392,583761318912,440791020881,480402733380
1760290284.1485493,51.9,14615748608,134892691456,165285888,35830907392,583761318912,440791021202,480402733701
1760290284.6498058,51.7,14621425664,134892691456,165285888,35830907392,583761318912,440791040694,480402753406
1760290285.1508634,51.9,14628503552,134892691456,165285888,35830907392,583761318912,440791041015,480402753727
1760290285.6521604,51.7,14633148416,134892691456,165285888,35830907392,583761318912,440791058324,480402771128
1760290286.1530337,51.7,14648954880,134892691456,165285888,35830907392,583761318912,440791060829,480402773633
1760290286.6538606,52.4,14654631936,134892691456,165285888,35830907392,583761318912,440791079338,480402792435
1760290287.154727,52.0,14693068800,134892691456,165548032,35830907392,583761318912,440791080907,480402794004
1760290287.6556313,51.6,14698487808,134892691456,165548032,35830907392,583761318912,440791098956,480402812329
1760290288.1565077,51.7,14699061248,134892691456,165548032,35830907392,583761318912,440791099277,480402812650
1760290288.6573546,51.9,14732632064,134892691456,165548032,35830907392,583761318912,440791120267,480402834293
1760290289.1582386,51.6,14728708096,134892691456,165548032,35830907392,583761343488,440791120588,480402834614
1760290289.6591024,51.9,14726606848,134892691456,165548032,35830907392,583761343488,440791138730,480402853362
1760290290.1600807,51.5,14722318336,134892691456,165548032,35830907392,583761343488,440791139051,480402853683
1760290290.6610694,51.8,14731771904,134892691456,165548032,35830907392,583761343488,440791156043,480402870870
1760290291.161878,51.7,14733664256,134892691456,165548032,35830907392,583761343488,440791156364,480402871191
1760290291.6626666,51.8,14733320192,134892691456,165548032,35830907392,583761343488,440791171816,480402886643
1760290292.1634219,51.7,14731821056,134892691456,165548032,35830907392,583761343488,440791173262,480402888205
1760290292.6642773,51.9,14751064064,134892691456,165548032,35830907392,583761343488,440791191293,480402906236
1760290293.1652057,52.0,14739361792,134892691456,165548032,35830907392,583761343488,440791193832,480402908935
1760290293.6660392,51.7,14741426176,134892691456,165810176,35830907392,583761343488,440791213639,480402928742
1760290294.1668866,52.3,14743547904,134892691456,165810176,35830907392,583761343488,440791215560,480402931003
1760290294.667832,51.6,14746304512,134892691456,165810176,35830907392,583761351680,440791231333,480402946776
1760290295.1694894,51.7,14745800704,134892691456,165810176,35830907392,583761351680,440791234291,480402949529
1760290295.670354,51.9,14748889088,134892691456,165810176,35830907392,583761351680,440791250064,480402965302
1760290296.1712291,51.6,14752219136,134892691456,165810176,35830907392,583761351680,440791252736,480402968487
1760290296.6720796,51.8,14763806720,134892691456,165810176,35830907392,583761351680,440791269549,480402985300
1760290297.1729605,51.8,14773989376,134892691456,165810176,35830907392,583761351680,440791272126,480402988835
1760290297.6737914,51.7,14776619008,134892691456,165810176,35830907392,583761351680,440791288798,480403005507
1760290298.1746473,51.8,14783459328,134892691456,165810176,35830907392,583761351680,440791290417,480403007126
1760290298.675526,51.7,14788448256,134892691456,165810176,35830907392,583761351680,440791310545,480403027254
1760290299.1763906,51.7,14793166848,134892691456,165810176,35830907392,583761351680,440791314450,480403040334
1760290299.6772704,51.8,14803054592,134892691456,165810176,35830907392,583761351680,440791330223,480403056107
1760290300.1781533,51.6,14804860928,134892691456,165810176,35830907392,583761351680,440791331348,480403057669
1760290300.6789818,51.9,14816673792,134892691456,165810176,35830907392,583761351680,440791347121,480403073442
1760290301.179978,51.5,14819975168,134892691456,165810176,35830907392,583761351680,440791348247,480403074934
1760290301.6808317,52.1,14818942976,134892691456,165810176,35830907392,583761351680,440791364020,480403090707
1760290302.1818848,51.6,14822244352,134892691456,165810176,35830907392,583761351680,440791364732,480403091577
1760290302.6827636,51.9,14831665152,134892691456,165810176,35830907392,583761351680,440791384108,480403110953
1760290303.1838005,51.7,14837112832,134892691456,165810176,35830907392,583761351680,440791389546,480403116895
1760290303.6847627,51.7,14841499648,134892691456,165810176,35830907392,583761351680,440791409674,480403137023
1760290304.1856349,52.1,14846459904,134892691456,165810176,35830907392,583761351680,440791411317,480403138631
1760290304.6863968,51.7,14851620864,134892691456,165810176,35830907392,583761351680,440791427090,480403154404
1760290305.187321,52.4,14846726144,134892691456,165810176,35830907392,583761351680,440791431750,480403159181
1760290305.6886055,51.7,14851272704,134892691456,165810176,35830907392,583761351680,440791447523,480403174954
1760290306.1895812,52.5,14889447424,134892691456,165810176,35830907392,583761351680,440791449053,480403176837
1760290306.6908727,51.7,14893535232,134892691456,165810176,35830907392,583761351680,440791465866,480403193650
1760290307.1917615,51.6,14900985856,134892691456,165810176,35830907392,583761351680,440791468321,480403196337
1760290307.6926465,52.1,14927536128,134892691456,165810176,35830907392,583761351680,440791484993,480403213009
1760290308.1935446,51.7,14930862080,134892691456,165810176,35830907392,583761351680,440791486949,480403215418
1760290308.6944225,52.1,14941618176,134892691456,165810176,35830907392,583761351680,440791507077,480403235546
1760290309.1955662,51.6,14949572608,134892691456,165810176,35830907392,583761351680,440791508258,480403237183
1760290309.6962664,51.7,14951120896,134892691456,165810176,35830907392,583761351680,440791524031,480403252956
1760290310.1969967,52.1,14967463936,134892691456,165810176,35830907392,583761351680,440791524743,480403253705
1760290310.6978421,51.7,14966616064,134892691456,165810176,35830907392,583761351680,440791540516,480403269478
1760290311.1987307,52.2,14996586496,134892691456,165810176,35830907392,583761351680,440791542762,480403271876
1760290311.6997433,52.0,15001513984,134892691456,165810176,35830907392,583761351680,440791558535,480403287649
1760290312.2007623,51.7,15006191616,134892691456,165810176,35830907392,583761351680,440791560146,480403289271
1760290312.7017674,52.1,15024562176,134892691456,165810176,35830907392,583761351680,440791579522,480403308647
1760290313.202636,51.6,15030444032,134892691456,165810176,35830907392,583761351680,440791580950,480403310696
1760290313.7035737,52.1,15047438336,134892691456,165810176,35830907392,583761351680,440791601078,480403330824
1760290314.2044706,51.6,15053856768,134892691456,165810176,35830907392,583761351680,440791605232,480403335582
1760290314.7054446,52.1,15050993664,134892691456,165810176,35830907392,583761351680,440791621005,480403351355
1760290315.2065983,51.6,15054774272,134892691456,165810176,35830907392,583761351680,440791621005,480403351355
1760290315.7076638,51.7,15074852864,134892691456,165810176,35830907392,583761351680,440791638674,480403369603
1760290316.2084484,51.9,15059763200,134892691456,165810176,35830907392,583761351680,440791638674,480403369603
1760290316.7094681,52.5,15063019520,134892691456,165810176,35830907392,583761351680,440791659794,480403391328
1760290317.2105868,52.1,15065845760,134892691456,165810176,35830907392,583761351680,440791660834,480403392368
1760290317.711612,51.7,15063162880,134892691456,165810176,35830907392,583761351680,440791679178,480403410708
1760290318.2124789,52.2,15068332032,134892691456,165810176,35830907392,583761351680,440791679802,480403411332
1760290318.713575,51.7,15069974528,134892691456,165810176,35830907392,583761351680,440791701787,480403433799
1760290319.214423,51.9,15074930688,134892691456,165810176,35830907392,583761351680,440791701787,480403433799
1760290319.715323,51.7,15076044800,134892691456,165810176,35830907392,583761351680,440791719017,480403451821
1760290320.216185,51.7,15079677952,134892691456,165810176,35830907392,583761351680,440791719017,480403451821
1760290320.7170453,51.9,15087751168,134892691456,165810176,35830907392,583761351680,440791735936,480403469292
1760290321.2178848,51.7,15090745344,134892691456,165810176,35830907392,583761351680,440791735936,480403469292
1760290321.718588,51.8,15093157888,134892691456,165810176,35830907392,583761351680,440791752139,480403485891
1760290322.2194912,51.7,15100276736,134892691456,165810176,35830907392,583761351680,440791752139,480403485891
1760290322.7205234,51.6,15104147456,134892691456,165810176,35830907392,583761351680,440791769459,480403503185
1760290323.2215047,51.7,15104745472,134892691456,165810176,35830907392,583761351680,440791772787,480403506513
1760290323.7223573,51.7,15111852032,134892691456,165810176,35830907392,583761351680,440791793345,480403527138
1760290324.22324,51.6,15117271040,134892691456,165810176,35830907392,583761351680,440791793345,480403527138
1760290324.724101,51.8,15119593472,134892691456,165810176,35830907392,583761351680,440791809756,480403543621
1760290325.2249746,51.5,15126302720,134892691456,165810176,35830907392,583761351680,440791809756,480403543621
1760290325.7258167,51.6,15129915392,134892691456,165810176,35830907392,583761351680,440791826319,480403560662
1760290326.2267897,51.6,15133528064,134892691456,165810176,35830907392,583761351680,440791826319,480403560662
1760290326.7277622,51.7,15138430976,134892691456,165810176,35830907392,583761351680,440791844147,480403579702
1760290327.2288415,51.6,15139979264,134892691456,165810176,35830907392,583761351680,440791845187,480403580742
1760290327.7300055,51.7,15150817280,134892691456,165810176,35830907392,583761351680,440791863555,480403599406
1760290328.2308795,51.6,15155978240,134892691456,165810176,35830907392,583761351680,440791864179,480403600030
1760290328.7317393,51.6,15158816768,134892691456,165810176,35830907392,583761351680,440791885568,480403621396
1760290329.2325656,51.7,15167590400,134892691456,165810176,35830907392,583761351680,440791885568,480403621396
1760290329.7335317,51.6,15171719168,134892691456,165810176,35830907392,583761351680,440791902182,480403638113
1760290330.234402,51.5,15182483456,134892691456,165810176,35830907392,583761351680,440791902182,480403638113
1760290330.7352645,51.7,15187644416,134892691456,165810176,35830907392,583761351680,440791918791,480403654824
1760290331.2361562,51.6,15194353664,134892691456,165810176,35830907392,583761351680,440791918791,480403654824
1760290331.7370148,51.6,15202095104,134892691456,165810176,35830907392,583761351680,440791938311,480403674894
1760290332.238001,52.0,15206105088,134892691456,165810176,35830907392,583761351680,440791938311,480403674894
1760290332.7391312,51.6,15208931328,134892691456,165810176,35830907392,583761351680,440791955685,480403692591
1760290333.24102,51.6,15213318144,134892691456,165810176,35830907392,583761351680,440791959013,480403695919
1760290333.7419746,52.2,15218077696,134892691456,165810176,35830907392,583761351680,440791979977,480403716990
1760290334.2428749,51.9,15235678208,134892691456,165810176,35830907392,583761351680,440791979977,480403716990
1760290334.743742,51.9,15239905280,134892691456,165810176,35830907392,583761351680,440791997838,480403735326
1760290335.2445204,51.7,15243517952,134892691456,165810176,35830907392,583761351680,440791997838,480403735326
1760290335.7455313,51.7,15247646720,134892691456,165810176,35830907392,583761351680,440792014017,480403751686
1760290336.2464135,51.6,15253348352,134892691456,165810176,35830907392,583761351680,440792014017,480403751686
1760290336.747251,51.7,15259025408,134892691456,165810176,35830907392,583761351680,440792030612,480403768576
1760290337.2482646,51.6,15262638080,134892691456,165810176,35830907392,583761351680,440792031652,480403769616
1760290337.7491775,51.7,15266508800,134892691456,165810176,35830907392,583761351680,440792049647,480403787658
1760290338.2502284,51.6,15271153664,134892691456,165810176,35830907392,583761351680,440792049647,480403787658
1760290338.7512586,51.8,15294377984,134892691456,165810176,35830907392,583761351680,440792070399,480403808410
1760290339.2523823,51.6,15296958464,134892691456,165810176,35830907392,583761351680,440792071564,480403809955
1760290339.7533722,51.9,15328169984,134892691456,165810176,35830907392,583761351680,440792087337,480403825728
1760290340.2543406,51.6,15336083456,134892691456,165810176,35830907392,583761351680,440792088100,480403826919
1760290340.755375,51.7,15339606016,134892691456,165810176,35830907392,583761351680,440792103873,480403842692
1760290341.2562597,51.9,15364435968,134892691456,165810176,35830907392,583761351680,440792104279,480403843589
1760290341.7571273,51.7,15367761920,134892691456,165810176,35830907392,583761351680,440792120052,480403859362
1760290342.258016,52.0,15398457344,134892691456,165810176,35830907392,583761351680,440792121783,480403861114
1760290342.7588882,51.7,15400656896,134892691456,165810176,35830907392,583761351680,440792137831,480403877162
1760290343.259629,51.6,15403081728,134892691456,165810176,35830907392,583761351680,440792140196,480403879563
1760290343.7606525,51.9,15411007488,134892691456,165810176,35830907392,583761351680,440792163652,480403903019
1760290344.2615066,51.6,15418445824,134892691456,165810176,35830907392,583761351680,440792164820,480403904260
1760290344.7624,51.8,15416246272,134892691456,165810176,35830907392,583761351680,440792180593,480403920033
1760290345.2634501,51.6,15417933824,134892691456,165810176,35830907392,583761351680,440792181921,480403921737
1760290345.7645454,51.9,15406383104,134892691456,165810176,35830907392,583761351680,440792197694,480403937510
1760290346.2654493,51.8,15413608448,134892691456,165810176,35830907392,583761351680,440792198871,480403939327
1760290346.7662992,52.4,15409885184,134892691456,165810176,35830907392,583761351680,440792214644,480403955100
1760290347.267247,51.8,15410053120,134892691456,165810176,35830907392,583761351680,440792216589,480403957444
1760290347.76811,52.0,15410921472,134892691456,165810176,35830907392,583761351680,440792233677,480403974532
1760290348.2693634,51.5,15416311808,134892691456,165810176,35830907392,583761351680,440792236735,480403977914
1760290348.7702303,51.8,15445434368,134892691456,165810176,35830907392,583761351680,440792257487,480403998666
1760290349.2712224,51.7,15434993664,134892691456,165810176,35830907392,583761351680,440792259433,480404000722
1760290349.7720637,51.6,15438606336,134892691456,165810176,35830907392,583761351680,440792275206,480404016495
1760290350.2729437,52.0,15451078656,134892691456,165810176,35830907392,583761351680,440792277099,480404018672
1760290350.7738025,51.7,15457271808,134892691456,165810176,35830907392,583761351680,440792292872,480404034445
1760290351.2746885,51.9,15460925440,134892691456,165810176,35830907392,583761351680,440792295995,480404038268
1760290351.775668,51.6,15474786304,134892691456,165810176,35830907392,583761351680,440792311768,480404054041
1760290352.276536,51.8,15481532416,134892691456,165810176,35830907392,583761351680,440792314558,480404057238
1760290352.7775288,51.7,15481364480,134892691456,165810176,35830907392,583761351680,440792332910,480404075590
1760290353.2784417,51.6,15488589824,134892691456,165810176,35830907392,583761351680,440792334794,480404078000
1760290353.7793016,51.9,15502876672,134892691456,165810176,35830907392,583761351680,440792354922,480404098128
1760290354.2803454,51.5,15504424960,134892691456,165810176,35830907392,583761351680,440792357217,480404100638
1760290354.7813537,51.9,15504207872,134892691456,165810176,35830907392,583761351680,440792372990,480404116411
1760290355.2823625,51.6,15505498112,134892691456,165810176,35830907392,583761351680,440792375347,480404118995
1760290355.7831655,51.9,15504330752,134892691456,165810176,35830907392,583761351680,440792391120,480404134768
1760290356.2841399,51.7,15505104896,134892691456,165810176,35830907392,583761351680,440792393009,480404137110
1760290356.78502,51.9,15510716416,134892691456,165810176,35830907392,583761351680,440792408782,480404152883
1760290357.2857928,51.6,15512780800,134892691456,165810176,35830907392,583761351680,440792411589,480404156730
1760290357.7866776,51.6,15516651520,134892691456,165810176,35830907392,583761351680,440792428677,480404173818
1760290358.2875953,51.9,15520878592,134892691456,165810176,35830907392,583761351680,440792431604,480404177379
1760290358.7890182,51.6,15527567360,134892691456,165810176,35830907392,583761376256,440792452356,480404198131
1760290359.2900422,52.2,15528861696,134892691456,165810176,35830907392,583761376256,440792454889,480404201346
1760290359.7911565,51.8,15539490816,134892691456,165810176,35830907392,583761376256,440792471001,480404217119
1760290360.2920551,51.9,15564677120,134892691456,165810176,35830907392,583761376256,440792472667,480404219057
1760290360.7931492,51.8,15571644416,134892691456,165810176,35830907392,583761376256,440792488440,480404234830
1760290361.294029,51.6,15575773184,134892691456,165810176,35830907392,583761376256,440792488440,480404234830
1760290361.794878,51.9,15605075968,134892691456,165810176,35830907392,583761376256,440792504924,480404251423
1760290362.2956548,51.6,15611269120,134892691456,165810176,35830907392,583761376256,440792504924,480404251423
1760290362.7965488,51.7,15613415424,134892691456,165810176,35830907392,583761376256,440792522941,480404269584
1760290363.297209,52.4,15653183488,134892691456,165810176,35830907392,583761376256,440792526269,480404272912
1760290363.798328,51.6,15659925504,134892691456,165810176,35830907392,583761376256,440792549029,480404296293
1760290364.2992752,52.0,15657619456,134892691456,165810176,35830907392,583761384448,440792549029,480404296293
1760290364.80034,51.7,15669706752,134892691456,165810176,35830907392,583761384448,440792565866,480404313652
1760290365.3012576,52.0,15689859072,134892691456,165810176,35830907392,583761384448,440792565866,480404313652
1760290365.8022625,51.6,15693651968,134892691456,165810176,35830907392,583761384448,440792584867,480404333471
1760290366.3032603,51.5,15706091520,134892691456,165810176,35830907392,583761384448,440792584867,480404333471
1760290366.804214,52.5,15725682688,134892691456,165810176,35830907392,583761384448,440792601001,480404349991
1760290367.3051386,51.6,15728005120,134892691456,165810176,35830907392,583761384448,440792601001,480404349991
1760290367.8060427,52.2,15732531200,134892691456,165810176,35830907392,583761384448,440792619631,480404368483
1760290368.3070168,51.7,15725686784,134892691456,165810176,35830907392,583761384448,440792620671,480404369523
1760290368.8079107,52.1,15742976000,134892691456,165810176,35830907392,583761384448,440792646707,480404396316
1760290369.308826,51.6,15744782336,134892691456,165810176,35830907392,583761384448,440792647331,480404396940
1760290369.809886,51.6,15747948544,134892691456,165810176,35830907392,583761384448,440792664234,480404414288
1760290370.3108044,52.1,15760039936,134892691456,165810176,35830907392,583761384448,440792664234,480404414288
1760290370.8116934,51.7,15755845632,134892691456,165810176,35830907392,583761384448,440792681071,480404431646
1760290371.3126025,52.5,15740497920,134892691456,165810176,35830907392,583761384448,440792681071,480404431646
1760290371.8134632,51.9,15743520768,134892691456,165810176,35830907392,583761384448,440792700515,480404451701
1760290372.3143914,52.1,15747571712,134892691456,165810176,35830907392,583761384448,440792700515,480404451701
1760290372.8153641,51.8,15750754304,134892691456,165810176,35830907392,583761384448,440792718887,480404470150
1760290373.3161635,51.6,15755218944,134892691456,165810176,35830907392,583761384448,440792722215,480404473478
1760290373.816825,52.1,15757524992,134892691456,165810176,35830907392,583761384448,440792744366,480404495684
1760290374.3176026,51.6,15763705856,134892691456,165810176,35830907392,583761384448,440792744366,480404495684
1760290374.8184104,52.1,15767838720,134892691456,165810176,35830907392,583761384448,440792762038,480404513602
1760290375.3193405,51.6,15772483584,134892691456,165810176,35830907392,583761384448,440792762038,480404513602
1760290375.8203053,52.0,15772975104,134892691456,165810176,35830907392,583761384448,440792781487,480404533352
1760290376.3215952,51.8,15773491200,134892691456,165810176,35830907392,583761384448,440792781487,480404533352
1760290376.8226106,52.5,15795269632,134892691456,165810176,35830907392,583761384448,440792799011,480404551606
1760290377.3235185,51.8,15790092288,134892691456,165810176,35830907392,583761384448,440792799011,480404551606
1760290377.8245287,51.7,15798943744,134892691456,165810176,35830907392,583761384448,440792816731,480404569646
1760290378.3253362,52.2,15803793408,134892691456,165810176,35830907392,583761384448,440792817771,480404570686
1760290378.8262765,51.7,15806939136,134892691456,165810176,35830907392,583761384448,440792840796,480404594517
1760290379.3272235,51.5,15811842048,134892691456,165810176,35830907392,583761384448,440792841420,480404595141
1760290379.828141,52.0,15820075008,134892691456,165810176,35830907392,583761384448,440792859812,480404613947
1760290380.3290832,51.6,15824977920,134892691456,165810176,35830907392,583761384448,440792859812,480404613947
1760290380.830111,51.8,15832535040,134892691456,165810176,35830907392,583761384448,440792876015,480404630222
1760290381.3310456,51.5,15834841088,134892691456,165810176,35830907392,583761384448,440792876015,480404630222
1760290381.8319182,51.6,15846699008,134892691456,165810176,35830907392,583761384448,440792892570,480404646932
1760290382.332991,51.7,15853506560,134892691456,165810176,35830907392,583761384448,440792892570,480404646932
1760290382.8341148,51.6,15861248000,134892691456,165810176,35830907392,583761384448,440792909890,480404664550
1760290383.335283,51.5,15868506112,134892691456,165810176,35830907392,583761384448,440792913218,480404667878
1760290383.836302,51.7,15875215360,134892691456,165810176,35830907392,583761384448,440792933776,480404688827
1760290384.337319,52.1,15879757824,134892691456,165810176,35830907392,583761384448,440792933776,480404688827
1760290384.8384786,51.6,15883112448,134892691456,165810176,35830907392,583761384448,440792949549,480404704600
1760290385.3398538,51.7,15888273408,134892691456,165810176,35830907392,583761384448,440792950339,480404705868
1760290385.8417222,51.7,15896530944,134892691456,165810176,35830907392,583761384448,440792966112,480404721641
1760290386.3429222,51.7,15901679616,134892691456,165810176,35830907392,583761384448,440792967110,480404723052
1760290386.8440237,51.8,15904518144,134892691456,165810176,35830907392,583761384448,440792982883,480404738825
1760290387.3450654,51.7,15911215104,134892691456,165810176,35830907392,583761384448,440792985138,480404741325
1760290387.8460982,51.7,15914827776,134892691456,165810176,35830907392,583761384448,440793001186,480404757373
1760290388.3471224,51.6,15921020928,134892691456,165810176,35830907392,583761384448,440793006090,480404763159
1760290388.8483279,51.7,15925407744,134892691456,165810176,35830907392,583761384448,440793027258,480404784327
1760290389.3495986,51.5,15931084800,134892691456,165810176,35830907392,583761384448,440793029559,480404787021
1760290389.8507245,51.8,15939600384,134892691456,165810176,35830907392,583761384448,440793045956,480404803418
1760290390.3516316,51.7,15959212032,134892691456,165810176,35830907392,583761384448,440793046386,480404804336
1760290390.852691,51.6,15962308608,134892691456,165810176,35830907392,583761384448,440793062159,480404820109
1760290391.3537557,51.5,15974436864,134892691456,165810176,35830907392,583761384448,440793062589,480404821141
1760290391.8548079,51.7,15981146112,134892691456,165810176,35830907392,583761384448,440793078362,480404836914
1760290392.3558867,51.6,15988113408,134892691456,165810176,35830907392,583761384448,440793079785,480404838181
1760290392.8568876,51.8,15990951936,134892691456,165810176,35830907392,583761384448,440793095833,480404854229
1760290393.357891,51.7,15994564608,134892691456,165810176,35830907392,583761384448,440793096263,480404854731
1760290393.8589966,51.6,16011337728,134892691456,165810176,35830907392,583761384448,440793119719,480404878187
1760290394.3602426,51.6,16015208448,134892691456,165810176,35830907392,583761384448,440793120149,480404878689
1760290394.8612928,51.6,16022691840,134892691456,165810176,35830907392,583761384448,440793135922,480404894462
1760290395.3623002,51.6,16030949376,134892691456,165810176,35830907392,583761384448,440793135922,480404894925
1760290395.8633077,51.6,16034095104,134892691456,165810176,35830907392,583761384448,440793151695,480404910698
1760290396.3644178,51.6,16036921344,134892691456,165810176,35830907392,583761384448,440793151903,480404911490
1760290396.8654535,51.6,16039501824,134892691456,165810176,35830907392,583761384448,440793167676,480404927263
1760290397.366379,51.6,16043888640,134892691456,165810176,35830907392,583761384448,440793168166,480404927968
1760290397.8672822,51.7,16050597888,134892691456,165810176,35830907392,583761384448,440793184214,480404944016
1760290398.3685136,51.7,16073564160,134892691456,165810176,35830907392,583761384448,440793186602,480404946602
1760290398.869605,52.2,16078098432,134892691456,165810176,35830907392,583761384448,440793207770,480404967770
1760290399.3706853,51.6,16081195008,134892691456,165810176,35830907392,583761384448,440793209163,480404969176
1760290399.8717644,51.9,16094961664,134892691456,165810176,35830907392,583761384448,440793225560,480404985573
1760290400.3728304,51.7,16100376576,134892691456,165810176,35830907392,583761384448,440793225913,480404985939
1760290400.8737118,51.6,16104505344,134892691456,165810176,35830907392,583761384448,440793241686,480405001712
1760290401.3747804,51.9,16109031424,134892691456,165810176,35830907392,583761384448,440793243011,480405003418
1760290401.8758206,51.7,16113541120,134892691456,165810176,35830907392,583761384448,440793258784,480405019191
1760290402.376888,52.0,16125714432,134892691456,165810176,35830907392,583761384448,440793260743,480405021539
1760290402.878012,51.7,16128073728,134892691456,165810176,35830907392,583761384448,440793276791,480405037587
1760290403.3790646,52.0,16132198400,134892691456,165810176,35830907392,583761384448,440793277553,480405038768
1760290403.8803787,51.6,16136327168,134892691456,165810176,35830907392,583761384448,440793301009,480405062224
1760290404.3816595,51.7,16141418496,134892691456,165810176,35830907392,583761384448,440793301424,480405062650
1760290404.8829556,51.8,16147869696,134892691456,165810176,35830907392,583761384448,440793317197,480405078423
1760290405.384009,51.6,16150450176,134892691456,165810176,35830907392,583761384448,440793319292,480405080610
1760290405.8853433,51.9,16158932992,134892691456,165810176,35830907392,583761384448,440793334099,480405095417
1760290406.3863084,52.2,16160985088,134892691456,165810176,35830907392,583761384448,440793339729,480405101340
1760290406.889253,52.2,16168620032,134892691456,165810176,35830907392,583761384448,440793350849,480405112460
1760290407.3908525,51.8,16170156032,134892691456,165810176,35830907392,583761384448,440793361773,480405123702
1760290407.8927107,51.9,16176295936,134892691456,165810176,35830907392,583761384448,440793368511,480405130440
1760290408.3944225,51.7,16182218752,134892691456,165810176,35830907392,583761384448,440793379580,480405141509
1760290408.8953886,51.8,16190214144,134892691456,165810176,35830907392,583761384448,440793390590,480405152928
1760290409.3965664,51.7,16196403200,134892691456,165810176,35830907392,583761384448,440793404184,480405166522
1760290409.8987887,51.6,16200273920,134892691456,165810176,35830907392,583761384448,440793409206,480405172035
1760290410.399872,52.5,16217649152,134892691456,165810176,35830907392,583761384448,440793423350,480405186179
1760290410.9005702,51.5,16225214464,134892691456,165810176,35830907392,583761384448,440793427501,480405190780
1760290411.4018931,51.7,16231653376,134892691456,165810176,35830907392,583761384448,440793442953,480405206232
1760290411.9027834,51.5,16236027904,134892691456,165810176,35830907392,583761384448,440793444046,480405207430
1760290412.4034967,52.3,16266493952,134892691456,165810176,35830907392,583761384448,440793461370,480405224754
1760290412.9043376,51.8,16271917056,134892691456,165810176,35830907392,583761384448,440793465493,480405229008
1760290413.4052327,51.8,16302366720,134892691456,165810176,35830907392,583761384448,440793480945,480405244460
1760290413.9062655,51.6,16303759360,134892691456,165810176,35830907392,583761384448,440793487147,480405250766
1760290414.4072661,51.9,16324116480,134892691456,165810176,35830907392,583761384448,440793502599,480405266218
1760290414.9083815,51.6,16332025856,134892691456,165810176,35830907392,583761384448,440793504874,480405268931
1760290415.4094973,51.6,16341573632,134892691456,165810176,35830907392,583761384448,440793520326,480405284383
1760290415.910558,51.8,16367886336,134892691456,165810176,35830907392,583761384448,440793522187,480405286674
1760290416.4115655,51.7,16369434624,134892691456,165810176,35830907392,583761384448,440793537639,480405302126
1760290416.9125493,51.8,16384278528,134892691456,165810176,35830907392,583761384448,440793539489,480405305276
1760290417.4135327,51.7,16395116544,134892691456,165810176,35830907392,583761384448,440793554941,480405320728
1760290417.914264,51.9,16397553664,134892691456,165810176,35830907392,583761384448,440793556656,480405322339
1760290418.4152656,51.6,16403230720,134892691456,165810176,35830907392,583761384448,440793572108,480405337791
1760290418.9161577,51.7,16414240768,134892691456,165810176,35830907392,583761384448,440793578585,480405344269
1760290419.4171517,51.7,16422612992,134892691456,165810176,35830907392,583761384448,440793595077,480405360761
1760290419.9180107,51.6,16428294144,134892691456,165810176,35830907392,583761384448,440793597563,480405363363
1760290420.4188519,51.9,16420696064,134892691456,165810176,35830907392,583761384448,440793613639,480405379439
1760290420.9196,51.6,16418177024,134892691456,165810176,35830907392,583761384448,440793615798,480405382121
1760290421.4207926,51.7,16421273600,134892691456,165810176,35830907392,583761384448,440793631250,480405397573
1760290421.921802,51.8,16422846464,134892691456,165810176,35830907392,583761384448,440793631571,480405398218
1760290422.4228132,52.0,16417812480,134892691456,165810176,35830907392,583761384448,440793647023,480405413670
1760290422.923644,51.5,16418660352,134892691456,165810176,35830907392,583761384448,440793653781,480405420740
1760290423.4243636,52.1,16434102272,134892691456,165810176,35830907392,583761384448,440793669233,480405436192
1760290423.925027,51.6,16431632384,134892691456,165810176,35830907392,583761384448,440793674959,480405441686
1760290424.425879,52.1,16431099904,134892691456,165810176,35830907392,583761384448,440793690411,480405457138
1760290424.9267683,51.6,16436076544,134892691456,165810176,35830907392,583761384448,440793691444,480405458408
1760290425.4276319,51.6,16440721408,134892691456,165810176,35830907392,583761384448,440793706896,480405473860
1760290425.9285946,52.1,16444186624,134892691456,165810176,35830907392,583761384448,440793707569,480405474558
1760290426.4295964,51.7,16447725568,134892691456,165810176,35830907392,583761384448,440793723021,480405490010
1760290426.9305916,52.1,16452227072,134892691456,165810176,35830907392,583761384448,440793724263,480405491933
1760290427.4314916,51.6,16453505024,134892691456,165810176,35830907392,583761384448,440793739715,480405507385
1760290427.9324892,52.1,16453578752,134892691456,165810176,35830907392,583761384448,440793741913,480405509953
1760290428.4334772,51.6,16457191424,134892691456,165810176,35830907392,583761384448,440793757365,480405525405
1760290428.934427,52.1,16472997888,134892691456,165810176,35830907392,583761409024,440793763223,480405531633
1760290429.435294,52.2,16458842112,134892691456,165810176,35830907392,583761409024,440793779715,480405548125
1760290429.9361856,51.6,16463486976,134892691456,165810176,35830907392,583761409024,440793782415,480405550802
1760290430.4370081,51.7,16466583552,134892691456,165810176,35830907392,583761409024,440793798491,480405566878
1760290430.9377828,52.1,16479199232,134892691456,165810176,35830907392,583761409024,440793800390,480405568949
1760290431.438762,52.0,16483307520,134892691456,165810176,35830907392,583761409024,440793815842,480405584401
1760290431.940116,51.9,16509169664,134892691456,165810176,35830907392,583761409024,440793816163,480405584722
1760290432.441939,52.4,16494039040,134892691456,165810176,35830907392,583761409024,440793832928,480405601490
1760290432.943086,51.7,16500748288,134892691456,165810176,35830907392,583761409024,440793833524,480405602086
1760290433.44507,52.1,16506253312,134892691456,165810176,35830907392,583761409024,440793855203,480405624226
1760290433.9461098,51.7,16511414272,134892691456,165810176,35830907392,583761409024,440793859879,480405628902
1760290434.446879,51.7,16513220608,134892691456,165810176,35830907392,583761417216,440793876038,480405645526
1760290434.947838,52.0,16526671872,134892691456,165810176,35830907392,583761417216,440793876359,480405645847
1760290435.448881,51.6,16534917120,134892691456,165810176,35830907392,583761417216,440793893710,480405663708
1760290435.9498072,52.2,16539365376,134892691456,165810176,35830907392,583761417216,440793894031,480405664029
1760290436.450853,52.6,16546578432,134892691456,166072320,35830907392,583761417216,440793911370,480405681822
1760290436.9518955,52.6,16538161152,134892691456,166072320,35830907392,583761417216,440793911691,480405682143
1760290437.4528913,51.8,16544612352,134892691456,166072320,35830907392,583761417216,440793929714,480405700197
1760290437.9536955,52.1,16566829056,134892691456,166072320,35830907392,583761417216,440793930035,480405700518
1760290438.4547138,51.7,16570441728,134892691456,166072320,35830907392,583761417216,440793950987,480405721918
1760290438.9555683,51.5,16581976064,134892691456,166072320,35830907392,583761417216,440793951308,480405722239
1760290439.456413,52.1,16624267264,134892691456,166072320,35830907392,583761417216,440793968574,480405739566
1760290439.9573472,51.6,16634847232,134892691456,166072320,35830907392,583761417216,440793969935,480405740927
1760290440.4581718,51.9,16659865600,134892691456,166072320,35830907392,583761417216,440793987572,480405759257
1760290440.9591663,51.7,16658636800,134892691456,166072320,35830907392,583761417216,440793988517,480405760202
1760290441.4602268,51.8,16681861120,134892691456,166072320,35830907392,583761417216,440794004751,480405776849
1760290441.9610877,51.6,16679247872,134892691456,166072320,35830907392,583761417216,440794005072,480405777170
1760290442.4619038,51.8,16685699072,134892691456,166072320,35830907392,583761417216,440794022071,480405794467
1760290442.962886,51.6,16687071232,134892691456,166072320,35830907392,583761417216,440794022392,480405794788
1760290443.4638531,51.6,16696360960,134892691456,166072320,35830907392,583761417216,440794045957,480405818420
1760290443.964889,51.6,16701952000,134892691456,166072320,35830907392,583761417216,440794046278,480405818741
1760290444.4658477,51.7,16709435392,134892691456,166072320,35830907392,583761417216,440794062160,480405834695
1760290444.9667764,51.5,16711868416,134892691456,166072320,35830907392,583761417216,440794062481,480405835016
1760290445.4678524,51.7,16714739712,134892691456,166072320,35830907392,583761417216,440794078723,480405851412
1760290445.9687314,51.6,16715526144,134892691456,166072320,35830907392,583761417216,440794079044,480405851733
1760290446.4696803,51.7,16717799424,134892691456,166072320,35830907392,583761417216,440794096135,480405869443
1760290446.9707046,51.6,16722128896,134892691456,166072320,35830907392,583761417216,440794096456,480405869764
1760290447.4716868,51.7,16724525056,134892691456,166072320,35830907392,583761417216,440794113671,480405887736
1760290447.9726586,51.6,16726953984,134892691456,166072320,35830907392,583761417216,440794113992,480405888057
1760290448.4736521,51.6,16730640384,134892691456,166072320,35830907392,583761417216,440794135060,480405909426
1760290448.9746463,51.6,16730607616,134892691456,166072320,35830907392,583761417216,440794135381,480405909747
1760290449.4754918,51.7,16733765632,134892691456,166072320,35830907392,583761417216,440794151679,480405926117
1760290449.976468,51.5,16739741696,134892691456,166072320,35830907392,583761417216,440794153040,480405927478
1760290450.477453,51.8,16747687936,134892691456,166072320,35830907392,583761417216,440794169962,480405944466
1760290450.9784129,51.7,16753246208,134892691456,166072320,35830907392,583761417216,440794170907,480405945411
1760290451.4792526,51.7,16758624256,134892691456,166072320,35830907392,583761417216,440794187292,480405961815
1760290451.9800832,51.6,16770125824,134892691456,166072320,35830907392,583761417216,440794187613,480405962136
1760290452.480946,51.6,16773529600,134892691456,166072320,35830907392,583761417216,440794204260,480405979070
1760290452.9818888,51.6,16780238848,134892691456,166072320,35830907392,583761417216,440794204581,480405979391
1760290453.4830165,51.6,16786948096,134892691456,166072320,35830907392,583761417216,440794228146,480406003352
1760290453.9840033,51.6,16788754432,134892691456,166072320,35830907392,583761417216,440794228467,480406003673
1760290454.4849744,51.7,16791851008,134892691456,166072320,35830907392,583761417216,440794243919,480406019449
1760290454.9858096,51.7,16796753920,134892691456,166072320,35830907392,583761417216,440794244240,480406019770
1760290455.486679,51.6,16797786112,134892691456,166072320,35830907392,583761417216,440794259692,480406035222
1760290455.9876096,51.7,16810172416,134892691456,166072320,35830907392,583761417216,440794260013,480406035682
1760290456.489279,51.7,16815849472,134892691456,166072320,35830907392,583761417216,440794275465,480406051134
1760290456.9901586,51.7,16819978240,134892691456,166072320,35830907392,583761417216,440794275786,480406051715
1760290457.4910011,51.6,16826363904,134892691456,166072320,35830907392,583761417216,440794291513,480406067442
1760290457.9918199,51.7,16832815104,134892691456,166072320,35830907392,583761417216,440794292532,480406068352
1760290458.492654,51.6,16835395584,134892691456,166072320,35830907392,583761417216,440794312339,480406088159
1760290458.9935002,51.8,16842608640,134892691456,166072320,35830907392,583761417216,440794313066,480406089364
1760290459.494365,51.7,16845189120,134892691456,166072320,35830907392,583761417216,440794328518,480406104816
1760290459.9953127,51.7,16852221952,134892691456,166072320,35830907392,583761417216,440794329864,480406106459
1760290460.4962988,51.9,16853979136,134892691456,166072320,35830907392,583761417216,440794346356,480406122951
1760290460.9971836,51.6,16859398144,134892691456,166072320,35830907392,583761417216,440794354765,480406132895
1760290461.4980683,51.8,16870498304,134892691456,166072320,35830907392,583761417216,440794370841,480406148971
1760290461.9989595,51.7,16873078784,134892691456,166072320,35830907392,583761417216,440794372487,480406150601
1760290462.499877,51.8,16882032640,134892691456,166072320,35830907392,583761417216,440794388214,480406166328
1760290463.0008404,51.6,17122676736,134892691456,166072320,35830983168,583761417216,440794394779,480406258573
1760290463.501894,52.0,17042460672,134892691456,166072320,35830983168,583761417216,440794419175,480406282969
1760290464.002871,51.7,17061695488,134892691456,166072320,35830983168,583761417216,440794423378,480406287267
1760290464.5037258,51.6,17087733760,134892691456,166072320,35830983168,583761417216,440794438830,480406302719
1760290465.004598,51.9,17123151872,134892691456,166072320,35830983168,583761417216,440794439865,480406304159
1760290465.5054727,51.8,17131409408,134892691456,166072320,35830983168,583761417216,440794455317,480406319611
1760290466.006207,51.8,17086025728,134892691456,166072320,35830983168,583761417216,440794456123,480406320682
1760290466.5073874,52.6,16980455424,134892691456,166072320,35830983168,583761417216,440794476159,480406340718
1760290467.008436,51.8,17012314112,134892691456,166072320,35830983168,583761417216,440794477249,480406342425
1760290467.5094733,51.7,17029574656,134892691456,166072320,35830983168,583761417216,440794492976,480406358152
1760290468.0105436,51.8,17004638208,134892691456,166072320,35830983168,583761417216,440794498856,480406364364
1760290468.5115473,52.1,17067495424,134892691456,166072320,35830983168,583761417216,440794519515,480406385023
1760290469.0124445,51.6,17086959616,134892691456,166072320,35830983168,583761417216,440794522487,480406387568
1760290469.5133293,51.9,17649356800,134892691456,166072320,35830983168,583761425408,440794537939,480406403020
1760290470.0145354,52.0,17309519872,134892691456,166072320,35830983168,583761425408,440794556280,480406421919
1760290470.5156605,52.1,17350729728,134892691456,166072320,35830983168,583761425408,440794579918,480406445557
1760290471.0174634,51.7,17542455296,134892691456,166072320,35831015936,583761425408,440794591005,480406457165
1760290471.5184414,52.0,17229819904,134892691456,166072320,35831015936,583761425408,440794626281,480406492441
1760290472.0191941,51.8,17258430464,134892691456,166072320,35831015936,583761425408,440794635618,480406624474
1760290472.5200737,51.7,17259143168,134892691456,166072320,35831015936,583761425408,440794654501,480406643357
1760290473.021132,51.9,17269260288,134892691456,166072320,35831015936,583761425408,440794656853,480406646060
1760290473.5219982,51.8,17211904000,134892691456,166334464,35831015936,583761425408,440794680342,480406669549
1760290474.0236943,51.8,17169784832,134892691456,166334464,35831015936,583761425408,440794686704,480406676329
1760290474.5246873,51.8,17166643200,134892691456,166334464,35831015936,583761425408,440794707595,480406697220
1760290475.0256188,51.7,17185492992,134892691456,166334464,35831015936,583761425408,440794713764,480406701361
1760290475.5264113,51.6,17185804288,134892691456,166334464,35831015936,583761425408,440794730068,480406717665
1760290476.0273757,51.8,17193201664,134892691456,166334464,35831015936,583761425408,440794731929,480406719892
1760290476.5286114,51.6,17194184704,134892691456,166334464,35831015936,583761425408,440794747381,480406735344
1760290477.0296817,51.9,17206820864,134892691456,166334464,35831015936,583761425408,440794749729,480406738275
1760290477.530642,52.0,17199747072,134892691456,166334464,35831015936,583761425408,440794765456,480406754002
1760290478.031515,51.6,17192480768,134892691456,166334464,35831015936,583761425408,440794765777,480406754323
1760290478.5324035,51.9,17213095936,134892691456,166334464,35831015936,583761425408,440794786921,480406776026
1760290479.033378,51.7,17202855936,134892691456,166334464,35831015936,583761425408,440794787242,480406776347
1760290479.534357,51.9,17220702208,134892691456,166334464,35831015936,583761425408,440794804232,480406793924
1760290480.0353034,51.6,17213382656,134892691456,166334464,35831015936,583761425408,440794804553,480406794245
1760290480.53625,51.8,17213640704,134892691456,166596608,35831015936,583761425408,440794821547,480406811673
1760290481.0372703,51.7,17205280768,134892691456,166596608,35831015936,583761425408,440794822908,480406813034
1760290481.5379481,51.7,17195094016,134892691456,166596608,35831015936,583761425408,440794840112,480406830327
1760290482.0388117,51.9,17202515968,134892691456,166596608,35831015936,583761425408,440794841057,480406831272
1760290482.5399296,51.6,17202774016,134892691456,166596608,35831015936,583761425408,440794861493,480406851851
1760290483.0412767,52.0,17200222208,134892691456,166596608,35831015936,583761425408,440794864518,480406854876
1760290483.5423763,51.7,17199964160,134892691456,166596608,35831015936,583761425408,440794885542,480406875893
1760290484.0433283,52.1,17204178944,134892691456,166596608,35831015936,583761425408,440794886279,480406876630
1760290484.5441828,51.7,17204232192,134892691456,166596608,35831015936,583761425408,440794902650,480406893366
1760290485.0451713,52.1,17214570496,134892691456,166596608,35831015936,583761425408,440794902971,480406893687
1760290485.546205,51.7,17214259200,134892691456,166596608,35831015936,583761425408,440794919859,480406911066
1760290486.047051,52.1,17228668928,134892691456,166596608,35831015936,583761425408,440794920180,480406911387
1760290486.5479426,52.2,17247752192,134892691456,166596608,35831015936,583761425408,440794936697,480406928610
1760290487.0488117,51.7,17240395776,134892691456,166596608,35831015936,583761425408,440794937018,480406928931
1760290487.5497606,52.1,17258987520,134892691456,166596608,35831015936,583761425408,440794954898,480406946365
1760290488.0507913,51.7,17247604736,134892691456,166596608,35831015936,583761425408,440794955219,480406946686
1760290488.5518076,52.1,17244786688,134892691456,166596608,35831015936,583761425408,440794975648,480406967275
1760290489.0527248,51.7,17233956864,134892691456,166596608,35831015936,583761425408,440794975969,480406967596
1760290489.5536187,52.1,17252167680,134892691456,166596608,35831015936,583761425408,440794992188,480406983860
1760290490.0545025,51.6,17240502272,134892691456,166596608,35831015936,583761425408,440794992509,480406984181
1760290490.5553522,51.6,17240129536,134892691456,166858752,35831015936,583761425408,440795009089,480407001188
1760290491.056254,52.0,17237102592,134892691456,166858752,35831015936,583761425408,440795010450,480407002549
1760290491.5571556,51.6,17237090304,134892691456,166858752,35831015936,583761425408,440795028828,480407021454
1760290492.0578837,52.1,17247465472,134892691456,166858752,35831015936,583761425408,440795029773,480407022399
1760290492.558797,51.7,17247465472,134892691456,167120896,35831015936,583761425408,440795047471,480407040381
1760290493.059942,52.2,17243942912,134892691456,167120896,35831015936,583761425408,440795050496,480407043406
1760290493.5609841,52.2,17260859392,134892691456,167120896,35831015936,583761425408,440795072083,480407065315
1760290494.0618691,51.6,17253122048,134892691456,167120896,35831015936,583761425408,440795072820,480407066052
1760290494.5627255,51.6,17252597760,134892691456,167120896,35831015936,583761425408,440795089458,480407082847
1760290495.0634704,52.2,17277194240,134892691456,167120896,35831015936,583761425408,440795089987,480407083376
1760290495.5645723,51.9,17256939520,134892691456,167120896,35831015936,583761425408,440795108650,480407102344
1760290496.0654423,51.6,17245700096,134892691456,167120896,35831015936,583761425408,440795108971,480407102665
1760290496.5663338,53.3,17261735936,134892691456,167120896,35831015936,583761466368,440795125607,480407120005
1760290497.067271,51.6,17249599488,134892691456,167120896,35831015936,583761466368,440795125928,480407120326
1760290497.5681126,52.1,17268961280,134892691456,167120896,35831015936,583761466368,440795143274,480407138071
1760290498.0691915,51.6,17254789120,134892691456,167120896,35831015936,583761466368,440795143595,480407138392
1760290498.5702395,51.7,17254494208,134892691456,167120896,35831015936,583761466368,440795164040,480407159505
1760290499.0711474,51.7,17245458432,134892691456,167120896,35831015936,583761466368,440795164361,480407159826
1760290499.572021,51.8,17245179904,134892691456,167120896,35831015936,583761466368,440795180955,480407176726
1760290500.0728848,51.8,17246253056,134892691456,167120896,35831015936,583761466368,440795181276,480407177047
1760290500.5740397,51.6,17245982720,134892691456,167120896,35831015936,583761466368,440795198289,480407194224
1760290501.0750172,51.9,17254473728,134892691456,167120896,35831015936,583761466368,440795198610,480407194545
1760290501.5760407,51.7,17254731776,134892691456,167120896,35831015936,583761466368,440795215102,480407211037
1760290502.0769415,51.8,17243426816,134892691456,167120896,35831015936,583761556480,440795217245,480407213269
1760290502.5778496,51.8,17242943488,134892691456,167120896,35831015936,583761556480,440795233596,480407229620
1760290503.0787163,51.6,17234604032,134892691456,167120896,35831015936,583761556480,440795235189,480407231511
1760290503.5795653,51.7,17235050496,134892691456,167120896,35831015936,583761556480,440795257700,480407254022
1760290504.0806105,51.6,17228668928,134892691456,167120896,35831015936,583761556480,440795258451,480407255164
1760290504.5814915,51.7,17227845632,134892691456,167120896,35831015936,583761556480,440795274319,480407271032
1760290505.0823998,51.6,17221541888,134892691456,167120896,35831015936,583761556480,440795275430,480407272231
1760290505.5832584,51.7,17221341184,134892691456,167120896,35831015936,583761556480,440795291090,480407287891
1760290506.0846362,51.7,17216684032,134892691456,167120896,35831015936,583761556480,440795292201,480407289413
1760290506.5858521,51.7,17216233472,134892691456,167120896,35831015936,583761556480,440795307653,480407304865
1760290507.0867064,51.6,17211899904,134892691456,167120896,35831015936,583762048000,440795309885,480407307892
1760290507.5875504,51.6,17211899904,134892691456,167120896,35831015936,583762048000,440795325612,480407323619
1760290508.089203,51.6,17208553472,134892691456,167120896,35831015936,583762048000,440795327213,480407325258
1760290508.5906088,51.7,17208811520,134892691456,167120896,35831015936,583762048000,440795347020,480407345065
1760290509.0914545,51.6,17206292480,134892691456,167120896,35831015936,583762048000,440795348810,480407346832
1760290509.5922954,51.6,17206292480,134892691456,167120896,35831015936,583762048000,440795364262,480407362284
1760290510.0931277,51.6,17206550528,134892691456,167120896,35831015936,583762048000,440795365424,480407364127
1760290510.5938883,51.6,17206550528,134892691456,167120896,35831015936,583762048000,440795380876,480407379579
1760290511.0948632,51.7,17206534144,134892691456,167120896,35831015936,583762048000,440795382952,480407381967
1760290511.5958638,51.5,17206792192,134892691456,167120896,35831015936,583762048000,440795399444,480407398459
1760290512.096844,51.6,17206792192,134892691456,167120896,35831015936,583762105344,440795401641,480407401090
1760290512.5978448,51.7,17207050240,134892691456,167120896,35831015936,583762105344,440795417992,480407417441
1760290513.0986948,51.6,17207824384,134892691456,167120896,35831015936,583762154496,440795419639,480407419087
1760290513.5996923,51.6,17207824384,134892691456,167120896,35831015936,583762154496,440795442150,480407441598
1760290514.1007733,51.7,17208315904,134892691456,167120896,35831015936,583762154496,440795443307,480407442862
1760290514.6017237,51.7,17208426496,134892691456,167120896,35831015936,583762154496,440795459175,480407458730
1760290515.1025598,51.6,17208422400,134892691456,167120896,35831015936,583762154496,440795459902,480407459631
1760290515.6034365,51.6,17208680448,134892691456,167120896,35831015936,583762154496,440795475562,480407475291
1760290516.1044338,51.6,17208717312,134892691456,167120896,35831015936,583762154496,440795476545,480407476860
1760290516.6053677,51.7,17208717312,134892691456,167120896,35831015936,583762154496,440795491997,480407492312
1760290517.106356,51.7,17208717312,134892691456,167120896,35831015936,583762154496,440795492724,480407493398
1760290517.6073086,51.7,17208717312,134892691456,167120896,35831015936,583762154496,440795508451,480407509125
1760290518.1084268,51.7,17209233408,134892691456,167120896,35831015936,583762187264,440795509679,480407510724
1760290518.6096094,51.7,17209233408,134892691456,167120896,35831015936,583762187264,440795529486,480407530531
1760290519.1104877,51.9,17225981952,134892691456,167120896,35831015936,583762187264,440795533588,480407534853
1760290519.6112137,51.6,17225981952,134892691456,167120896,35831015936,583762187264,440795549040,480407550305
1760290520.1122193,52.0,17260408832,134892691456,167120896,35831015936,583762187264,440795550124,480407551499
1760290520.6132598,51.6,17260666880,134892691456,167120896,35831015936,583762187264,440795565576,480407566951
1760290521.1141512,51.7,17256239104,134892691456,167120896,35831015936,583762187264,440795567072,480407568693
1760290521.6150453,51.9,17273528320,134892691456,167120896,35831015936,583762187264,440795583564,480407585185
1760290522.1160457,51.6,17266606080,134892691456,167120896,35831015936,583762187264,440795587960,480407589799
1760290522.617032,51.8,17285185536,134892691456,167120896,35831015936,583762187264,440795604311,480407606150
1760290523.1181054,51.8,17275494400,134892691456,167120896,35831015936,583762187264,440795606152,480407608397
1760290523.619149,51.9,17290203136,134892691456,167120896,35831015936,583762187264,440795628663,480407630908
1760290524.1200392,51.6,17284952064,134892691456,167120896,35831015936,583762187264,440795629746,480407632361
1760290524.620973,51.7,17284591616,134892691456,167120896,35831015936,583762187264,440795645198,480407647813
1760290525.1219623,51.8,17279774720,134892691456,167120896,35831015936,583762187264,440795645935,480407648550
1760290525.622981,51.6,17279774720,134892691456,167120896,35831015936,583762187264,440795662922,480407665665
1760290526.123834,51.8,17278386176,134892691456,167120896,35831015936,583762187264,440795663451,480407666194
1760290526.624722,52.9,17275789312,134892691456,167120896,35831015936,583762187264,440795680078,480407683216
1760290527.1258142,51.8,17287372800,134892691456,167120896,35831015936,583762187264,440795680399,480407683537
1760290527.626868,51.6,17286823936,134892691456,167120896,35831015936,583762187264,440795698146,480407701387
1760290528.1278634,52.1,17292931072,134892691456,167120896,35831015936,583762187264,440795698467,480407701708
1760290528.6292026,51.7,17291640832,134892691456,167120896,35831015936,583762187264,440795720929,480407724905
1760290529.1303136,51.7,17284800512,134892691456,167120896,35831015936,583762187264,440795721250,480407725226
1760290529.631275,51.8,17297330176,134892691456,167120896,35831015936,583762187264,440795738803,480407743314
1760290530.1321821,51.7,17289068544,134892691456,167120896,35831015936,583762187264,440795739124,480407743635
1760290530.6330297,51.8,17306099712,134892691456,167120896,35831015936,583762187264,440795755811,480407760846
1760290531.1338797,51.8,17293627392,134892691456,167120896,35831015936,583762187264,440795756132,480407761167
1760290531.6347384,51.7,17310142464,134892691456,167120896,35831015936,583762187264,440795773888,480407779172
1760290532.135803,51.7,17301139456,134892691456,167120896,35831015936,583762187264,440795775249,480407780533
1760290532.6368186,52.1,17328566272,134892691456,167120896,35831015936,583762187264,440795797110,480407802543
1760290533.1378145,51.6,17320833024,134892691456,167120896,35831015936,583762187264,440795798055,480407803488
1760290533.638687,51.8,17336446976,134892691456,167120896,35831015936,583762187264,440795820099,480407825676
1760290534.1397371,51.7,17316556800,134892691456,167120896,35831015936,583762187264,440795820420,480407825997
1760290534.641188,51.7,17310224384,134892691456,167120896,35831015936,583762187264,440795838167,480407844349
1760290535.1420329,51.9,17310998528,134892691456,167120896,35831015936,583762187264,440795838488,480407844670
1760290535.6429946,51.7,17305321472,134892691456,167120896,35831015936,583762187264,440795855833,480407862540
1760290536.1439376,51.8,17315405824,134892691456,167120896,35831015936,583762187264,440795856154,480407862861
1760290536.6448026,51.6,17312743424,134892691456,167120896,35831015936,583762187264,440795873751,480407881195
1760290537.145727,52.1,17322323968,134892691456,167383040,35831015936,583762187264,440795874072,480407881516
1760290537.6466851,51.6,17317453824,134892691456,167383040,35831015936,583762187264,440795892848,480407900875
1760290538.147578,51.6,17309102080,134892691456,167383040,35831015936,583762187264,440795893169,480407901196
1760290538.6486018,51.9,17309777920,134892691456,167383040,35831015936,583762187264,440795914457,480407922622
1760290539.1495638,51.5,17303769088,134892691456,167383040,35831015936,583762187264,440795914778,480407922943
1760290539.6503053,51.9,17317933056,134892691456,167383040,35831015936,583762187264,440795931915,480407940213
1760290540.151148,51.7,17309978624,134892691456,167383040,35831015936,583762187264,440795932236,480407940534
1760290540.6521375,51.8,17319325696,134892691456,167383040,35831015936,583762187264,440795949166,480407957601
1760290541.1528878,51.6,17313296384,134892691456,167383040,35831015936,583762187264,440795949487,480407957922
1760290541.6537633,51.9,17322143744,134892691456,167383040,35831015936,583762187264,440795965714,480407974556
1760290542.1547077,51.7,17316950016,134892691456,167383040,35831015936,583762187264,440795967075,480407975917
1760290542.655614,51.8,17312763904,134892691456,167383040,35831015936,583762187264,440795988780,480407997887
1760290543.1565192,52.1,17326465024,134892691456,167383040,35831015936,583762187264,440795989725,480407998832
1760290543.6574175,51.7,17320472576,134892691456,167383040,35831015936,583762187264,440796011101,480408020561
1760290544.1583264,52.1,17334366208,134892691456,167383040,35831015936,583762187264,440796011422,480408020882
1760290544.6592104,51.7,17328263168,134892691456,167383040,35831015936,583762187264,440796027937,480408037599
1760290545.1602821,52.1,17337602048,134892691456,167383040,35831015936,583762187264,440796028258,480408037920
1760290545.6614997,51.5,17329946624,134892691456,167383040,35831015936,583762187264,440796044774,480408054773
1760290546.162409,52.5,17340940288,134892691456,167383040,35831015936,583762187264,440796045095,480408055094
1760290546.663352,51.7,17333874688,134892691456,167383040,35831015936,583762187264,440796062316,480408072826
1760290547.1642375,51.6,17328939008,134892691456,167383040,35831015936,583762187264,440796062637,480408073147
1760290547.6651382,52.1,17337532416,134892691456,167383040,35831015936,583762187264,440796078364,480408088874
1760290548.1661775,51.6,17331216384,134892691456,167383040,35831015936,583762187264,440796080851,480408091672
1760290548.6671674,52.3,17338073088,134892691456,167383040,35831015936,583762187264,440796100658,480408111479
1760290549.1684272,51.5,17334247424,134892691456,167383040,35831015936,583762187264,440796102108,480408113514
1760290549.6696718,52.0,17341403136,134892691456,167383040,35831015936,583762187264,440796117560,480408128966
1760290550.1707575,51.8,17339052032,134892691456,167383040,35831015936,583762187264,440796119568,480408131376
1760290550.671592,51.7,17332731904,134892691456,167383040,35831015936,583762187264,440796135020,480408146828
1760290551.1726205,52.2,17343602688,134892691456,167383040,35831015936,583762187264,440796136560,480408148658
1760290551.6736264,51.6,17331933184,134892691456,167383040,35831015936,583762187264,440796152351,480408164110
1760290552.1744757,52.1,17326850048,134892691456,167383040,35831015936,583762187264,440796154113,480408165735
1760290552.675511,51.6,17315946496,134892691456,167383040,35831015936,583762187264,440796170880,480408182502
1760290553.1763632,52.3,17335664640,134892691456,167383040,35831015936,583762187264,440796177892,480408189627
1760290553.6771948,51.8,17330630656,134892691456,167383040,35831015936,583762187264,440796198323,480408210058
1760290554.178237,51.6,17324085248,134892691456,167383040,35831015936,583762187264,440796200779,480408213012
1760290554.6792412,52.1,17336582144,134892691456,167383040,35831015936,583762187264,440796216231,480408228464
1760290555.1805766,51.6,17329750016,134892691456,167383040,35831015936,583762187264,440796218451,480408231266
1760290555.6815734,52.1,17336549376,134892691456,167383040,35831015936,583762187264,440796233903,480408246718
1760290556.1824963,51.7,17335844864,134892691456,167383040,35831015936,583762187264,440796236111,480408249510
1760290556.6833582,53.3,17330966528,134892691456,167383040,35831015936,583762187264,440796251563,480408264962
1760290557.1842725,51.8,17326665728,134892691456,167383040,35831015936,583762187264,440796253324,480408267129
1760290557.6851487,52.2,17319673856,134892691456,167383040,35831015936,583762187264,440796269051,480408282856
1760290558.1862102,51.6,17315872768,134892691456,167383040,35831015936,583762187264,440796270991,480408285083
1760290558.6872385,51.6,17309302784,134892691456,167383040,35831015936,583762187264,440796290798,480408304890
1760290559.1886911,51.8,17326252032,134892691456,167383040,35831015936,583762187264,440796292261,480408306519
1760290559.6900675,51.8,17321025536,134892691456,167383040,35831015936,583762187264,440796307713,480408321971
1760290560.1911228,52.1,17328476160,134892691456,167383040,35831015936,583762187264,440796309387,480408324267
1760290560.692328,51.6,17321889792,134892691456,167383040,35831015936,583762187264,440796324839,480408339719
1760290561.1933804,51.7,17322110976,134892691456,167383040,35831015936,583762187264,440796325942,480408341235
1760290561.6944015,51.9,17332711424,134892691456,167383040,35831015936,583762187264,440796341394,480408356687
1760290562.1952677,51.7,17332518912,134892691456,167383040,35831015936,583762187264,440796343403,480408359000
1760290562.6961193,51.7,17325613056,134892691456,167645184,35831015936,583762187264,440796360170,480408375767
1760290563.1970165,51.6,17324826624,134892691456,167645184,35831015936,583762187264,440796365289,480408380952
1760290563.6978817,51.6,17318002688,134892691456,167645184,35831015936,583762187264,440796385720,480408401383
1760290564.1988785,51.7,17318240256,134892691456,167645184,35831015936,583762187264,440796386471,480408402201
1760290564.700057,51.6,17315319808,134892691456,167645184,35831015936,583762187264,440796401923,480408417653
1760290565.2011425,51.7,17312833536,134892691456,167645184,35831015936,583762187264,440796403464,480408419354
1760290565.7021432,51.7,17307328512,134892691456,167645184,35831015936,583762187264,440796418916,480408434806
1760290566.203083,51.7,17307328512,134892691456,167645184,35831015936,583762187264,440796420515,480408437010
1760290566.7043307,51.6,17304043520,134892691456,167645184,35831015936,583762187264,440796435967,480408452462
1760290567.2052574,51.6,17304289280,134892691456,167645184,35831015936,583762187264,440796440175,480408457667
1760290567.7061207,51.6,17301184512,134892691456,167645184,35831015936,583762187264,440796455902,480408473394
1760290568.207019,51.6,17301000192,134892691456,167645184,35831015936,583762187264,440796458568,480408476299
1760290568.7080452,51.6,17298829312,134892691456,167645184,35831015936,583762187264,440796478375,480408496106
1760290569.2092476,51.7,17299087360,134892691456,167907328,35831015936,583762187264,440796479126,480408496929
1760290569.7101302,51.7,17298833408,134892691456,167907328,35831015936,583762211840,440796494578,480408512381
1760290570.2113051,51.6,17299087360,134892691456,167907328,35831015936,583762211840,440796498343,480408533246
1760290570.7124915,51.6,17298599936,134892691456,167907328,35831015936,583762211840,440796513795,480408548698
1760290571.2134814,51.6,17300664320,134892691456,167907328,35831015936,583762211840,440796514116,480408549019
1760290571.7144775,51.7,17299918848,134892691456,167907328,35831015936,583762211840,440796530501,480408565423
1760290572.2153976,51.7,17300164608,134892691456,167907328,35831015936,583762211840,440796530822,480408565744
1760290572.7162747,51.7,17300164608,134892691456,167907328,35831015936,583762211840,440796547885,480408583094
1760290573.2172601,51.7,17300164608,134892691456,167907328,35831015936,583762211840,440796549246,480408584455
1760290573.71826,51.7,17300938752,134892691456,167907328,35831015936,583762211840,440796573851,480408609456
1760290574.2192426,51.7,17301454848,134892691456,167907328,35831015936,583762211840,440796574796,480408610401
1760290574.7203262,51.6,17301712896,134892691456,167907328,35831015936,583762211840,440796590248,480408626177
1760290575.2213402,51.7,17301712896,134892691456,167907328,35831015936,583762220032,440796590569,480408626498
1760290575.7222617,51.7,17301970944,134892691456,167907328,35831015936,583762220032,440796606021,480408642089
1760290576.2231965,51.7,17302745088,134892691456,167907328,35831015936,583762220032,440796606342,480408642410
1760290576.7241318,51.7,17304809472,134892691456,167907328,35831015936,583762220032,440796621794,480408658122
1760290577.2251377,51.6,17304809472,134892691456,167907328,35831015936,583762220032,440796622115,480408658443
1760290577.7261326,51.7,17305067520,134892691456,167907328,35831015936,583762220032,440796638332,480408674551
1760290578.2270272,51.6,17307131904,134892691456,167907328,35831015936,583762220032,440796638653,480408674872
1760290578.7278888,51.6,17307131904,134892691456,167907328,35831015936,583762220032,440796658866,480408695239
1760290579.2288058,52.0,17340936192,134892691456,167907328,35831015936,583762220032,440796659187,480408695560
1760290579.729863,51.8,17337499648,134892691456,167907328,35831015936,583762220032,440796675345,480408712134
1760290580.2307243,51.7,17355563008,134892691456,167907328,35831015936,583762220032,440796675666,480408712455
1760290580.7313824,51.7,17349070848,134892691456,167907328,35831015936,583762220032,440796691679,480408729010
1760290581.2322824,51.7,17348902912,134892691456,167907328,35831015936,583762220032,440796692000,480408729331
1760290581.733157,51.8,17361985536,134892691456,167907328,35831015936,583762220032,440796708777,480408746350
1760290582.2340174,51.7,17360191488,134892691456,167907328,35831015936,583762220032,440796709098,480408746671
1760290582.7348924,51.8,17367072768,134892691456,167907328,35831015936,583762220032,440796726495,480408764045
1760290583.2357433,51.7,17367072768,134892691456,167907328,35831015936,583762220032,440796727856,480408765406
1760290583.7366185,51.9,17383747584,134892691456,167907328,35831015936,583762220032,440796752789,480408790434
1760290584.23757,51.6,17383170048,134892691456,167907328,35831015936,583762220032,440796753734,480408791379
1760290584.7386634,51.8,17379164160,134892691456,167907328,35831015936,583762220032,440796769542,480408807196
1760290585.2400358,51.8,17398419456,134892691456,167907328,35831015936,583762220032,440796769863,480408807517
1760290585.7417984,51.7,17385512960,134892691456,167907328,35831015936,583762220032,440796786444,480408824514
1760290586.2427711,51.8,17401729024,134892691456,167907328,35831015936,583762220032,440796786765,480408824835
1760290586.743679,52.8,17389715456,134892691456,167907328,35831015936,583762220032,440796802986,480408841673
1760290587.2447305,52.1,17405026304,134892691456,167907328,35831015936,583762220032,440796803307,480408841994
1760290587.745769,51.7,17395826688,134892691456,167907328,35831015936,583762220032,440796821356,480408860451
1760290588.2466583,51.7,17404788736,134892691456,167907328,35831015936,583762220032,440796821677,480408860772
1760290588.747691,51.5,17392742400,134892691456,168169472,35831015936,583762220032,440796842668,480408882151
1760290589.248875,51.7,17392013312,134892691456,168169472,35831015936,583762220032,440796842989,480408882472
1760290589.7500129,51.8,17395421184,134892691456,168169472,35831015936,583762220032,440796859565,480408899286
1760290590.2510338,51.6,17396924416,134892691456,168169472,35831015936,583762220032,440796859886,480408899607
1760290590.7520115,51.8,17400815616,134892691456,168169472,35831015936,583762220032,440796877342,480408917086
1760290591.2528114,51.6,17400635392,134892691456,168169472,35831015936,583762220032,440796877663,480408917407
1760290591.7537115,51.9,17403437056,134892691456,168169472,35831015936,583762220032,440796894240,480408934358
1760290592.2546878,51.6,17402851328,134892691456,168169472,35831015936,583762220032,440796894561,480408934679
1760290592.7555861,52.0,17399406592,134892691456,168169472,35831015936,583762220032,440796915040,480408955442
1760290593.2564821,51.6,17399603200,134892691456,168169472,35831015936,583762220032,440796916401,480408956803
1760290593.7573903,51.8,17390321664,134892691456,168169472,35831015936,583762220032,440796938069,480408978874
1760290594.2583,51.8,17408282624,134892691456,168169472,35831015936,583762220032,440796938390,480408979195
1760290594.7592921,51.6,17402105856,134892691456,168169472,35831015936,583762220032,440796954466,480408995271
1760290595.2600284,51.9,17438543872,134892691456,168169472,35831015936,583762220032,440796956730,480408997657
1760290595.7610705,51.7,17423343616,134892691456,168169472,35831015936,583762220032,440796972182,480409013109
1760290596.2622747,51.6,17422123008,134892691456,168169472,35831015936,583762220032,440796974759,480409015941
1760290596.7631845,52.0,17425506304,134892691456,168169472,35831015936,583762220032,440796990211,480409031393
1760290597.2643633,51.6,17424764928,134892691456,168169472,35831015936,583762220032,440796992069,480409034137
1760290597.7653975,52.0,17422905344,134892691456,168169472,35831015936,583762220032,440797007796,480409049864
1760290598.2660935,51.9,17422102528,134892691456,168169472,35831015936,583762220032,440797009736,480409052122
1760290598.7668316,51.9,17419173888,134892691456,168169472,35831015936,583762220032,440797029543,480409071929
1760290599.268035,51.6,17419403264,134892691456,168169472,35831015936,583762220032,440797030989,480409073808
1760290599.7690916,51.9,17428611072,134892691456,168169472,35831015936,583762220032,440797046441,480409089260
1760290600.270203,51.7,17428717568,134892691456,168169472,35831015936,583762220032,440797047887,480409091143
1760290600.7712796,51.9,17436749824,134892691456,168169472,35831015936,583762220032,440797063339,480409106595
1760290601.2723987,51.7,17436688384,134892691456,168169472,35831015936,583762220032,440797064994,480409108358
1760290601.7732878,51.7,17422405632,134892691456,168169472,35831015936,583762220032,440797080446,480409123810
1760290602.2741835,52.2,17442701312,134892691456,168169472,35831015936,583762220032,440797081126,480409124573
1760290602.7751698,51.7,17434537984,134892691456,168169472,35831015936,583762220032,440797100181,480409143628
1760290603.2762322,51.9,17451155456,134892691456,168169472,35831015936,583762220032,440797103393,480409146679
1760290603.7772655,51.9,17441341440,134892691456,168169472,35831015936,583762220032,440797124240,480409167526
1760290604.2781305,51.6,17440923648,134892691456,168169472,35831015936,583762220032,440797126312,480409169963
1760290604.779001,52.1,17439182848,134892691456,168169472,35831015936,583762220032,440797142388,480409186039
1760290605.2799592,51.6,17438867456,134892691456,168169472,35831015936,583762220032,440797143421,480409187573
1760290605.7809865,52.1,17434746880,134892691456,168169472,35831015936,583762220032,440797158873,480409203025
1760290606.2820814,51.5,17434173440,134892691456,168169472,35831015936,583762220032,440797159546,480409204049
1760290606.78323,52.2,17417777152,134892691456,168169472,35831015936,583762220032,440797174998,480409219501
1760290607.2842655,51.7,17417043968,134892691456,168169472,35831015936,583762220032,440797177494,480409222154
1760290607.7851484,51.7,17411842048,134892691456,168169472,35831015936,583762220032,440797193221,480409237881
1760290608.2859032,52.1,17418813440,134892691456,168169472,35831015936,583762220032,440797194308,480409239153
1760290608.7868004,51.6,17413943296,134892691456,168169472,35831015936,583762220032,440797214115,480409258960
1760290609.2880845,52.6,17432162304,134892691456,168169472,35831015936,583762220032,440797215203,480409260093
1760290609.7901297,51.7,17425502208,134892691456,168169472,35831015936,583762220032,440797230655,480409275545
1760290610.291023,51.6,17425244160,134892691456,168169472,35831015936,583762220032,440797233504,480409278605
1760290610.7919488,51.7,17418637312,134892691456,168169472,35831015936,583762220032,440797248956,480409294057
1760290611.2928677,52.6,17419288576,134892691456,168169472,35831015936,583762220032,440797251871,480409297553
1760290611.7937937,51.6,17417564160,134892691456,168169472,35831015936,583762220032,440797267323,480409313005
1760290612.2946904,51.8,17416273920,134892691456,168169472,35831015936,583762220032,440797270431,480409316383
1760290612.795616,52.1,17428959232,134892691456,168169472,35831015936,583762220032,440797289486,480409335438
1760290613.29664,51.6,17429565440,134892691456,168169472,35831015936,583762220032,440797291651,480409338158
1760290613.7976449,52.1,17440522240,134892691456,168169472,35831015936,583762220032,440797312498,480409359005
1760290614.2985597,51.6,17441554432,134892691456,168169472,35831015936,583762220032,440797315397,480409362146
1760290614.7995553,52.1,17442734080,134892691456,168169472,35831015936,583762220032,440797331473,480409378222
1760290615.3006394,51.7,17442713600,134892691456,168169472,35831015936,583762220032,440797333690,480409380694
1760290615.8015187,52.1,17444356096,134892691456,168169472,35831015936,583762220032,440797349481,480409396146
1760290616.302489,51.8,17444044800,134892691456,168169472,35831015936,583762220032,440797351693,480409398935
1760290616.8034737,52.8,17439514624,134892691456,168169472,35831015936,583762220032,440797367145,480409414387
1760290617.3044643,52.1,17456877568,134892691456,168169472,35831015936,583762220032,440797368722,480409416290
1760290617.8053846,51.7,17451499520,134892691456,168169472,35831015936,583762220032,440797384449,480409432017
1760290618.306042,52.4,17469886464,134892691456,168169472,35831015936,583762220032,440797384770,480409432338
1760290618.8068013,51.7,17461653504,134892691456,168169472,35831015936,583762220032,440797406434,480409454808
1760290619.308099,51.6,17462923264,134892691456,168169472,35831015936,583762220032,440797406755,480409455129
1760290619.8091094,51.9,17459798016,134892691456,168169472,35831015936,583762220032,440797423140,480409472077
1760290620.3099716,51.6,17461862400,134892691456,168169472,35831015936,583762220032,440797423461,480409472398
1760290620.8108294,51.8,17467998208,134892691456,168169472,35831015936,583762220032,440797439555,480409488623
1760290621.312038,51.6,17467621376,134892691456,168169472,35831015936,583762220032,440797439876,480409488944
1760290621.813063,51.9,17474457600,134892691456,168169472,35831015936,583762220032,440797456318,480409505475
1760290622.314004,51.6,17474457600,134892691456,168169472,35831015936,583762220032,440797456639,480409505796
1760290622.814875,51.7,17467928576,134892691456,168169472,35831015936,583762220032,440797473638,480409522835
1760290623.315754,51.7,17467928576,134892691456,168169472,35831015936,583762220032,440797477287,480409526484
1760290623.816674,51.8,17462697984,134892691456,168169472,35831015936,583762220032,440797497940,480409547528
1760290624.3175712,51.7,17461051392,134892691456,168169472,35831015936,583762220032,440797499301,480409548889
1760290624.8184853,51.6,17454927872,134892691456,168169472,35831015936,583762220032,440797518741,480409568907
1760290625.319391,51.6,17458282496,134892691456,168169472,35831015936,583762220032,440797519686,480409569852
1760290625.8202803,51.6,17451601920,134892691456,168169472,35831015936,583762220032,440797535568,480409586130
1760290626.321459,51.7,17451859968,134892691456,168169472,35831015936,583762220032,440797535889,480409586451
1760290626.8223276,51.8,17451384832,134892691456,168169472,35831015936,583762220032,440797552980,480409604364
1760290627.3234496,51.7,17451384832,134892691456,168169472,35831015936,583762220032,440797553301,480409604685
1760290627.8245523,51.7,17448005632,134892691456,168169472,35831015936,583762220032,440797570308,480409621664
1760290628.3254228,51.7,17449295872,134892691456,168169472,35831015936,583762220032,440797570629,480409621985
1760290628.826268,51.6,17448468480,134892691456,168169472,35831015936,583762220032,440797591697,480409643030
1760290629.3271554,51.7,17453113344,134892691456,168169472,35831015936,583762220032,440797592018,480409643351
1760290629.8280768,51.7,17458114560,134892691456,168169472,35831015936,583762220032,440797607900,480409659629
1760290630.3289526,51.7,17459146752,134892691456,168169472,35831015936,583762220032,440797608221,480409659950
1760290630.8299532,51.6,17459888128,134892691456,168169472,35831015936,583762220032,440797626919,480409679402
1760290631.3308158,51.6,17464348672,134892691456,168169472,35831015936,583762220032,440797627240,480409679723
1760290631.8317037,51.6,17466671104,134892691456,168169472,35831015936,583762220032,440797643833,480409696593
1760290632.3326144,51.6,17470439424,134892691456,168169472,35831015936,583762220032,440797644154,480409696914
1760290632.83353,51.8,17476620288,134892691456,168431616,35831015936,583762220032,440797660801,480409713524
1760290633.334455,51.7,17482813440,134892691456,168431616,35831015936,583762220032,440797664450,480409717173
1760290633.8353493,51.7,17486942208,134892691456,168431616,35831015936,583762220032,440797685103,480409737898
1760290634.3362465,51.6,17491587072,134892691456,168431616,35831015936,583762220032,440797686464,480409739259
1760290634.837164,51.7,17502167040,134892691456,168693760,35831015936,583762220032,440797702956,480409755751
1760290635.3379726,51.7,17503457280,134892691456,168693760,35831015936,583762220032,440797703901,480409756696
1760290635.8392212,51.6,17506553856,134892691456,168693760,35831015936,583762220032,440797719353,480409772611
1760290636.3402412,51.7,17510166528,134892691456,168693760,35831015936,583762220032,440797719674,480409772932
1760290636.841235,51.7,17515585536,134892691456,168693760,35831015936,583762220032,440797736442,480409790264
1760290637.3422735,51.7,17525391360,134892691456,168693760,35831015936,583762220032,440797736763,480409790585
1760290637.8434675,51.7,17531842560,134892691456,168693760,35831015936,583762220032,440797752980,480409807017
1760290638.3443902,51.7,17534164992,134892691456,168693760,35831015936,583762220032,440797753301,480409807338
1760290638.8452814,51.6,17537519616,134892691456,168693760,35831015936,583762220032,440797773514,480409827705
1760290639.3462105,51.7,17560223744,134892691456,168693760,35831015936,583762220032,440797773835,480409828026
1760290639.84714,51.8,17562030080,134892691456,168693760,35831015936,583762244608,440797789993,480409844276
1760290640.3480067,51.7,17564094464,134892691456,168693760,35831015936,583762244608,440797790314,480409844597
1760290640.849076,51.6,17572798464,134892691456,168693760,35831015936,583762244608,440797805766,480409860049
1760290641.3499968,52.1,17614860288,134892691456,168693760,35831015936,583762244608,440797806087,480409860509
1760290641.85101,51.7,17616097280,134892691456,168693760,35831015936,583762244608,440797821539,480409875961
1760290642.3520749,51.8,17643708416,134892691456,168693760,35831015936,583762244608,440797823746,480409878099
1760290642.8532522,51.7,17645010944,134892691456,168693760,35831015936,583762244608,440797839473,480409893826
1760290643.354298,51.8,17654300672,134892691456,168693760,35831015936,583762244608,440797841400,480409896129
1760290643.8553338,51.7,17651908608,134892691456,168693760,35831015936,583762244608,440797864535,480409919264
1760290644.3563607,51.5,17655828480,134892691456,168693760,35831015936,583762244608,440797866034,480409921182
1760290644.8572626,51.8,17674555392,134892691456,168693760,35831015936,583762244608,440797882526,480409937674
1760290645.3582995,51.8,17695715328,134892691456,168693760,35831015936,583762252800,440797884601,480409940154
1760290645.8591313,51.7,17694973952,134892691456,168693760,35831015936,583762252800,440797900677,480409956230
1760290646.3598833,52.1,17698762752,134892691456,168693760,35831015936,583762252800,440797901769,480409957602
1760290646.8609374,52.5,17705283584,134892691456,168693760,35831015936,583762252800,440797917221,480409973054
1760290647.3622944,51.6,17711042560,134892691456,168693760,35831015936,583762252800,440797918665,480409974669
1760290647.863445,51.9,17723666432,134892691456,168693760,35831015936,583762252800,440797934392,480409990396
1760290648.364467,51.6,17724567552,134892691456,168693760,35831015936,583762252800,440797936325,480409992544
1760290648.865419,51.6,17718870016,134892691456,168693760,35831015936,583762252800,440797956132,480410012351
1760290649.3664796,51.8,17731436544,134892691456,168693760,35831015936,583762252800,440797957637,480410014230
1760290649.867716,51.8,17739653120,134892691456,168693760,35831015936,583762252800,440797973089,480410029682
1760290650.368802,51.5,17736294400,134892691456,168693760,35831015936,583762252800,440797975363,480410032550
1760290650.869872,51.9,17754087424,134892691456,168693760,35831015936,583762252800,440797990815,480410048002
1760290651.3708863,51.6,17756418048,134892691456,168693760,35831015936,583762252800,440797992260,480410049889
1760290651.8717914,51.7,17759612928,134892691456,168693760,35831015936,583762252800,440798007712,480410065341
1760290652.3728337,52.2,17773031424,134892691456,168693760,35831015936,583762252800,440798010273,480410067862
1760290652.8740013,51.7,17768513536,134892691456,168693760,35831015936,583762252800,440798028304,480410085893
1760290653.3751092,51.8,17786540032,134892691456,168693760,35831015936,583762252800,440798030510,480410088414
1760290653.8761704,51.7,17785937920,134892691456,168693760,35831015936,583762252800,440798050317,480410108221
1760290654.3772035,51.8,17806127104,134892691456,168693760,35831015936,583762252800,440798052997,480410111089
1760290654.8784192,51.8,17806299136,134892691456,168693760,35831015936,583762252800,440798069489,480410127581
1760290655.3796992,51.7,17808117760,134892691456,168693760,35831015936,583762252800,440798072391,480410130908
1760290655.8809676,51.9,17798242304,134892691456,168693760,35831015936,583762252800,440798088467,480410146984
1760290656.3820288,51.6,17804902400,134892691456,168693760,35831015936,583762252800,440798090325,480410149592
1760290656.8827734,51.8,17810403328,134892691456,168693760,35831015936,583762252800,440798105777,480410165044
1760290657.3838058,51.6,17816104960,134892691456,168693760,35831015936,583762252800,440798112968,480410173742
1760290657.8848188,51.9,17832427520,134892691456,168693760,35831015936,583762252800,440798128695,480410189469
1760290658.385839,51.7,17834233856,134892691456,168693760,35831015936,583762252800,440798132483,480410193481
1760290658.8868265,51.7,17846734848,134892691456,168693760,35831015936,583762252800,440798150358,480410211356
1760290659.3879905,51.7,17851375616,134892691456,168693760,35831015936,583762252800,440798158277,480410219574
1760290659.8896308,51.7,17849298944,134892691456,168955904,35831015936,583762252800,440798167663,480410228960
1760290660.3910785,52.1,17888260096,134892691456,168955904,35831015936,583762252800,440798179785,480410241324
1760290660.8924026,51.6,17892143104,134892691456,168955904,35831015936,583762252800,440798185754,480410247293
1760290661.3940513,51.7,17896529920,134892691456,168955904,35831015936,583762252800,440798195039,480410256962
1760290661.895095,51.8,17900388352,134892691456,168955904,35831015936,583762252800,440798201527,480410263450
1760290662.39607,51.7,17901903872,134892691456,168955904,35831015936,583762252800,440798214915,480410277217
1760290662.8975356,52.1,17916162048,134892691456,168955904,35831015936,583762252800,440798222728,480410285030
1760290663.3984158,51.7,17919467520,134892691456,168955904,35831015936,583762252800,440798236820,480410299439
1760290663.899581,51.7,17913901056,134892691456,168955904,35831015936,583762252800,440798244073,480410306692
1760290664.400455,52.6,17949081600,134892691456,168955904,35831015936,583762252800,440798258880,480410321499
1760290664.9018867,51.8,17947107328,134892691456,168955904,35831015936,583762252800,440798261685,480410324449
1760290665.4028337,52.1,17949536256,134892691456,168955904,35831015936,583762252800,440798278498,480410341262
1760290665.9038146,51.6,17947856896,134892691456,168955904,35831015936,583762252800,440798279890,480410342944
1760290666.4048867,52.0,17971253248,134892691456,168955904,35831015936,583762252800,440798296287,480410359341
1760290666.9058273,51.8,17947197440,134892691456,168955904,35831015936,583762252800,440798297000,480410360405
1760290667.4067671,51.8,17950285824,134892691456,168955904,35831015936,583762252800,440798312773,480410376178
1760290667.9080431,52.1,17957150720,134892691456,168955904,35831015936,583762252800,440798314650,480410378286
1760290668.4088807,51.7,17960595456,134892691456,168955904,35831015936,583762252800,440798330423,480410394059
1760290668.909542,52.2,17960435712,134892691456,168955904,35831015936,583762252800,440798335544,480410399755
1760290669.4105349,51.7,17964900352,134892691456,168955904,35831015936,583762252800,440798351317,480410415528
1760290669.9113173,52.0,17965723648,134892691456,168955904,35831015936,583762252800,440798351944,480410416419
1760290670.4122932,51.7,17968517120,134892691456,168955904,35831015936,583762252800,440798367717,480410432192
1760290670.9132493,51.8,17986179072,134892691456,168955904,35831015936,583762252800,440798368429,480410433080
1760290671.4141657,52.3,17997795328,134892691456,168955904,35831015936,583762252800,440798384202,480410448853
1760290671.9151547,51.7,17979887616,134892691456,168955904,35831015936,583762252800,440798387163,480410452058
1760290672.4160118,51.7,17983983616,134892691456,169218048,35831015936,583762252800,440798402936,480410467831
1760290672.9168072,52.1,17990815744,134892691456,169218048,35831015936,583762252800,440798407407,480410472362
1760290673.4176934,52.1,17991491584,134892691456,169480192,35831015936,583762252800,440798426508,480410491463
1760290673.9186196,51.7,17995350016,134892691456,169480192,35831015936,583762252800,440798432998,480410498319
1760290674.419492,52.1,17995952128,134892691456,169480192,35831015936,583762252800,440798448771,480410514092
1760290674.9204092,51.7,17998966784,134892691456,169480192,35831015936,583762252800,440798451086,480410517043
1760290675.4212806,52.0,18024697856,134892691456,169480192,35831015936,583762252800,440798467899,480410533856
1760290675.9222672,51.9,18010877952,134892691456,169480192,35831015936,583762252800,440798470826,480410537367
1760290676.4232347,52.4,18015780864,134892691456,169480192,35831015936,583762252800,440798487223,480410553764
1760290676.924266,52.2,18020974592,134892691456,169480192,35831015936,583762252800,440798488407,480410555652
1760290677.4252114,51.7,18023038976,134892691456,169480192,35831015936,583762252800,440798504180,480410571425
1760290677.9261715,52.2,18026020864,134892691456,169480192,35831015936,583762252800,440798506074,480410573268
1760290678.4270577,51.6,18032730112,134892691456,169480192,35831015936,583762252800,440798521847,480410589041
1760290678.928118,51.9,18043629568,134892691456,169480192,35831015936,583762252800,440798526971,480410594170
1760290679.4291883,51.6,18047242240,134892691456,169480192,35831015936,583762252800,440798542744,480410609943
1760290679.930096,51.7,18054467584,134892691456,169480192,35831015936,583762252800,440798543886,480410611391
1760290680.4309916,51.8,18058149888,134892691456,169480192,35831015936,583762252800,440798559659,480410627164
1760290680.9318428,51.8,18066464768,134892691456,169480192,35831015936,583762252800,440798561156,480410629166
1760290681.4326975,51.7,18075484160,134892691456,169480192,35831015936,583762252800,440798576929,480410644939
1760290681.9336798,51.8,18094596096,134892691456,169480192,35831015936,583762252800,440798577359,480410645765
1760290682.4345708,51.6,18098466816,134892691456,169480192,35831015936,583762252800,440798593132,480410661538
1760290682.9354386,51.6,18108686336,134892691456,169480192,35831015936,583762252800,440798594887,480410663657
1760290683.4363198,51.6,18110750720,134892691456,169742336,35831015936,583762252800,440798613988,480410682758
1760290683.9372973,51.6,18131693568,134892691456,169742336,35831015936,583762252800,440798621865,480410690850
1760290684.4381645,51.6,18141732864,134892691456,169742336,35831015936,583762252800,440798637638,480410706623
1760290684.9391325,51.6,18157678592,134892691456,169742336,35831015936,583762252800,440798638844,480410707917
1760290685.440552,51.7,18171858944,134892691456,169742336,35831015936,583762252800,440798655657,480410724730
1760290685.9417987,51.6,18180419584,134892691456,169742336,35831015936,583762252800,440798657487,480410726647
1760290686.4434042,51.7,18197688320,134892691456,169742336,35831015936,583762252800,440798673884,480410743044
1760290686.9448817,51.6,18205462528,134892691456,169742336,35831015936,583762252800,440798675163,480410745454
1760290687.4462147,51.6,18213965824,134892691456,169742336,35831015936,583762252800,440798690936,480410761227
1760290687.9470482,51.7,18222620672,134892691456,169742336,35831015936,583762252800,440798691211,480410761502
1760290688.44788,52.2,18228600832,134892691456,169742336,35831015936,583762252800,440798708264,480410778851
1760290688.9488862,51.6,18230972416,134892691456,169742336,35831015936,583762252800,440798712619,480410783206
1760290689.4498084,51.5,18237472768,134892691456,169742336,35831015936,583762252800,440798729653,480410800541
1760290689.9506721,51.6,18243137536,134892691456,169742336,35831015936,583762252800,440798729653,480410800541
1760290690.4515216,51.8,18245980160,134892691456,169742336,35831015936,583762252800,440798746341,480410817392
1760290690.952369,51.6,18251956224,134892691456,169742336,35831015936,583762252800,440798746341,480410817392
1760290691.453218,51.7,18297995264,134892691456,169742336,35831015936,583762252800,440798763431,480410834530
1760290691.954062,52.4,18253430784,134892691456,169742336,35831015936,583762252800,440798788481,480410859580
1760290692.4551055,51.8,18284126208,134892691456,169742336,35831015936,583762252800,440798811071,480410882169
1760290692.9559808,51.7,18320379904,134892691456,169742336,35831015936,583762252800,440798811071,480410882169
1760290693.4568233,51.8,18330173440,134892691456,169742336,35831015936,583762252800,440798833079,480410904716
1760290693.957647,51.6,18338783232,134892691456,169742336,35831015936,583762252800,440798836199,480410907836
1760290694.4584882,51.7,18347286528,134892691456,169742336,35831015936,583762252800,440798852378,480410924374
1760290694.9593418,51.5,18345021440,134892691456,169742336,35831015936,583762252800,440798852378,480410924374
1760290695.4602416,51.7,18347569152,134892691456,169742336,35831015936,583762252800,440798868973,480410941474
1760290695.9611025,51.5,18356183040,134892691456,169742336,35831015936,583762252800,440798870013,480410942514
1760290696.461809,51.8,18358697984,134892691456,169742336,35831015936,583762252800,440798887232,480410960028
1760290696.9627297,51.6,18349182976,134892691456,169742336,35831015936,583762252800,440798887856,480410960652
1760290697.4635625,51.7,18350833664,134892691456,169742336,35831015936,583762252800,440798907525,480410977839
1760290697.9644678,51.7,18344517632,134892691456,169742336,35831015936,583762252800,440798907525,480410977839
1760290698.4652002,51.6,18347106304,134892691456,169742336,35831015936,583762252800,440798928465,480410998961
1760290698.9660652,51.8,18356342784,134892691456,169742336,35831015936,583762252800,440798928465,480410998961
1760290699.4669447,51.6,18361430016,134892691456,169742336,35831015936,583762252800,440798945001,480411015931
1760290699.9678495,51.8,18379345920,134892691456,169742336,35831015936,583762252800,440798945001,480411015931
1760290700.4685626,51.6,18380107776,134892691456,169742336,35831015936,583762252800,440798961533,480411032828
1760290700.969499,51.8,18387607552,134892691456,169742336,35831015936,583762252800,440798961533,480411032828
1760290701.470367,51.8,18406174720,134892691456,169742336,35831015936,583762252800,440798979390,480411051182
1760290701.9710827,52.4,18185019392,134892691456,169742336,35831015936,583762252800,440799004651,480411076443
1760290702.4718099,52.0,18131042304,134892691456,170004480,35831015936,583762252800,440799055389,480411181129
1760290702.973062,51.6,18180460544,134892691456,170004480,35831015936,583762252800,440799055441,480411181181
1760290703.4737902,51.9,18206744576,134892691456,170004480,35831015936,583762252800,440799082057,480411207786
1760290703.9745328,51.8,18218463232,134892691456,170004480,35831015936,583762252800,440799084761,480411210490
1760290704.4754038,51.7,18227998720,134892691456,170004480,35831015936,583762252800,440799101296,480411227071
1760290704.9762893,51.8,18247401472,134892691456,170004480,35831015936,583762252800,440799101296,480411227071
1760290705.47715,51.7,18252550144,134892691456,170004480,35831015936,583762252800,440799119020,480411244923
1760290705.97808,51.8,18274668544,134892691456,170004480,35831015936,583762252800,440799120060,480411245963
1760290706.4789717,52.9,18277507072,134892691456,170004480,35831015936,583762252800,440799138048,480411264670
1760290706.9802144,51.8,18293465088,134892691456,170004480,35831015936,583762252800,440799138672,480411265294
1760290707.4814103,51.8,18217488384,134892691456,170266624,35831015936,583762252800,440799216296,480411340591
1760290707.9824727,51.9,18190524416,134892691456,170266624,35831015936,583762252800,440799241204,480411365499
1760290708.4833968,51.6,18193350656,134892691456,170266624,35831015936,583762252800,440799276606,480411401603
1760290708.9843743,51.7,18331230208,134892691456,170528768,35831015936,583762252800,440799276606,480411401603
1760290709.4856853,52.1,18189647872,134892691456,170528768,35831015936,583762252800,440799325127,480411450507
1760290709.9865396,51.7,18173173760,134892691456,170528768,35831015936,583762277376,440799325127,480411450507
1760290710.4873927,51.9,18185531392,134892691456,170528768,35831015936,583762277376,440799343198,480411468771
1760290710.9893148,52.0,18281512960,134892691456,170528768,35831015936,583762277376,440799394277,480411519850
1760290711.4910226,52.4,17979801600,134892691456,171053056,35831015936,583762277376,440799531607,480411657180
1760290711.9918869,51.9,17919004672,134892691456,171053056,35831015936,583762277376,440799585850,480411711707
1760290712.4927998,51.8,17928364032,134892691456,171053056,35831015936,583762277376,440799614210,480411740067
1760290712.99353,52.0,13920489472,134892691456,171053056,35831015936,583762277376,440799626994,480411749169
1760290713.4944396,51.7,13913812992,134892691456,171053056,35831015936,583762277376,440799647122,480411769297
1760290713.995327,51.9,14094880768,134892691456,171053056,35831015936,583762277376,440799648151,480411770729
1760290714.4966452,52.5,14179799040,134892691456,171053056,35831015936,583762277376,441202767936,480814890514
1760290714.9976704,52.3,13009498112,134892691456,171053056,35831015936,583762277376,441341316561,480953439678
1760290715.4991553,52.1,13329420288,134892691456,171053056,35831015936,583762285568,441605901824,481218024941
1760290716.0004034,51.9,13340061696,134892691456,171053056,35831015936,583762285568,441605912618,481218035924
1760290716.5015588,52.7,11242790912,134892691456,171053056,35831015936,583762285568,442009087642,481621210948
1760290717.002462,51.9,11232419840,134892691456,171053056,35831015936,583762285568,442009090363,481621214517
1760290717.5034084,51.7,11231563776,134892691456,171053056,35831015936,583762285568,442009107035,481621231189
1760290718.0044346,51.6,11199188992,134892691456,171053056,35831015936,583762285568,442009109016,481621233372
1760290718.5054631,52.1,11226570752,134892691456,171053056,35831015936,583762285568,442009129144,481621253500
1760290719.0062108,51.7,11191644160,134892691456,171053056,35831015936,583762285568,442009131693,481621256875
1760290719.5071251,51.9,11200360448,134892691456,171053056,35831015936,583762285568,442009147466,481621272648
1760290720.0081582,51.7,11176366080,134892691456,171053056,35831015936,583762285568,442009153813,481621275038
1760290720.5091984,51.9,11193806848,134892691456,171053056,35831015936,583762285568,442009169586,481621290811
1760290721.0100403,51.8,11168194560,134892691456,171053056,35831015936,583762285568,442009171064,481621292750
1760290721.5108838,51.8,11185725440,134892691456,171053056,35831015936,583762285568,442009187461,481621309147
1760290722.0117598,51.6,11166429184,134892691456,171053056,35831015936,583762285568,442009188525,481621310332
1760290722.512633,51.8,11161837568,134892691456,171053056,35831015936,583762285568,442009204573,481621326380
1760290723.013646,52.0,11159760896,134892691456,171053056,35831015936,583762285568,442009207463,481621329136
1760290723.514672,51.6,11159261184,134892691456,171053056,35831015936,583762285568,442009227591,481621349264
1760290724.0155785,52.1,11134083072,134892691456,171053056,35831015936,583762285568,442009228862,481621350605
1760290724.5163121,51.7,11133284352,134892691456,171053056,35831015936,583762285568,442009245675,481621367418
1760290725.017177,52.0,11133599744,134892691456,171053056,35831015936,583762285568,442009247047,481621369326
1760290725.5178785,51.7,11133239296,134892691456,171053056,35831015936,583762285568,442009263756,481621386035
1760290726.0187345,52.1,11125776384,134892691456,171053056,35831015936,583762285568,442009264876,481621387671
1760290726.5196688,51.7,11126808576,134892691456,171053056,35831015936,583762285568,442009285017,481621407812
1760290727.0205297,51.9,11118170112,134892691456,171053056,35831015936,583762285568,442009286061,481621409360
1760290727.521439,52.3,11135135744,134892691456,171053056,35831015936,583762285568,442009302733,481621426032
1760290728.0224354,51.7,11119132672,134892691456,171053056,35831015936,583762285568,442009305964,481621429389
1760290728.5233986,52.2,11138699264,134892691456,171053056,35831015936,583762285568,442009326092,481621449517
1760290729.0243347,51.6,11118137344,134892691456,171053056,35831015936,583762285568,442009327221,481621450702
1760290729.5252547,52.2,11132547072,134892691456,171053056,35831015936,583762285568,442009342994,481621466475
1760290730.0260465,51.7,11116122112,134892691456,171053056,35831015936,583762285568,442009344473,481621468032
1760290730.5268905,51.6,11116367872,134892691456,171053056,35831015936,583762285568,442009360246,481621483805
1760290731.0279489,52.0,11119583232,134892691456,171053056,35831015936,583762285568,442009361867,481621485836
1760290731.5288033,51.6,11119583232,134892691456,171053056,35831015936,583762285568,442009378264,481621502233
1760290732.0298116,52.2,11122376704,134892691456,171053056,35831015936,583762285568,442009380570,481621505097
1760290732.5306814,51.6,11120291840,134892691456,171053056,35831015936,583762285568,442009396618,481621521145
1760290733.0315845,52.2,11107880960,134892691456,171053056,35831015936,583762285568,442009399358,481621524220
1760290733.5327513,51.7,11107393536,134892691456,171053056,35831015936,583762285568,442009419486,481621544348
1760290734.0336452,51.9,11093585920,134892691456,171053056,35831015936,583762285568,442009419486,481621544348
1760290734.5345883,52.1,11093704704,134892691456,171053056,35831015936,583762285568,442009436108,481621560979
1760290735.0354323,51.7,11088531456,134892691456,171053056,35831015936,583762285568,442009437148,481621562019
1760290735.5363314,52.2,11105292288,134892691456,171053056,35831015936,583762285568,442009456234,481621581467
1760290736.037243,51.6,11094798336,134892691456,171053056,35831015936,583762285568,442009457170,481621582403
1760290736.5381608,53.3,11113730048,134892691456,171053056,35831015936,583762285568,442009475250,481621600994
1760290737.0394142,51.5,11101728768,134892691456,171053056,35831015936,583762285568,442009479618,481621605362
1760290737.5412638,51.9,11118759936,134892691456,171053056,35831015936,583762285568,442009497754,481621623560
1760290738.0423179,51.9,11105591296,134892691456,171053056,35831015936,583762285568,442009498378,481621624184
1760290738.543359,51.7,11105566720,134892691456,171053056,35831015936,583762285568,442009519651,481621646295
1760290739.0442474,51.8,11108044800,134892691456,171053056,35831015936,583762285568,442009519651,481621646295
1760290739.5450947,51.7,11107745792,134892691456,171053056,35831015936,583762285568,442009536566,481621663635
1760290740.0459821,51.9,11108798464,134892691456,171053056,35831015936,583762285568,442009536566,481621663635
1760290740.5468414,51.6,11108339712,134892691456,171053056,35831015936,583762285568,442009553484,481621681114
1760290741.0478137,51.8,11114950656,134892691456,171053056,35831015936,583762285568,442009553484,481621681114
1760290741.548744,51.7,11114876928,134892691456,171053056,35831015936,583762285568,442009570039,481621697758
1760290742.0497634,51.8,11123490816,134892691456,171053056,35831015936,583762285568,442009570663,481621698382
1760290742.5508852,51.8,11123490816,134892691456,171053056,35831015936,583762285568,442009588322,481621715742
1760290743.051745,51.6,11113476096,134892691456,171053056,35831015936,583762285568,442009588322,481621715742
1760290743.5524905,51.6,11115466752,134892691456,171053056,35831015936,583762285568,442009609296,481621736783
1760290744.0535145,51.7,11102539776,134892691456,171053056,35831015936,583762285568,442009609296,481621736783
1760290744.554458,51.6,11102539776,134892691456,171053056,35831015936,583762285568,442009625707,481621753590
1760290745.0553138,51.6,11092660224,134892691456,171053056,35831015936,583762285568,442009626747,481621754630
1760290745.556199,51.6,11092402176,134892691456,171053056,35831015936,583762285568,442009643830,481621772191
1760290746.057097,51.8,11085049856,134892691456,171053056,35831015936,583762285568,442009644766,481621773127
1760290746.5579834,51.6,11084558336,134892691456,171053056,35831015936,583762285568,442009662233,481621791265
1760290747.0588732,51.7,11079524352,134892691456,171053056,35831015936,583762285568,442009666601,481621795633
1760290747.5597773,51.6,11079417856,134892691456,171053056,35831015936,583762285568,442009684762,481621814293
1760290748.0607724,51.5,11074564096,134892691456,171053056,35831015936,583762285568,442009685386,481621814917
1760290748.5617905,51.6,11074347008,134892691456,171053056,35831015936,583762285568,442009707135,481621836657
1760290749.0628877,51.6,11071385600,134892691456,171053056,35831015936,583762285568,442009707135,481621836657
1760290749.563881,51.6,11071385600,134892691456,171053056,35831015936,583762285568,442009723338,481621852932
1760290750.0648372,51.6,11068604416,134892691456,171053056,35831015936,583762285568,442009723338,481621852932
1760290750.5656939,51.5,11068862464,134892691456,171053056,35831015936,583762285568,442009740044,481621869980
1760290751.0665965,51.6,11067375616,134892691456,171053056,35831015936,583762285568,442009740044,481621869980
1760290751.5674765,51.6,11067375616,134892691456,171053056,35831015936,583762285568,442009756503,481621886724
1760290752.068614,51.6,11065556992,134892691456,171053056,35831015936,583762285568,442009757127,481621887348
1760290752.5698035,51.6,11065556992,134892691456,171053056,35831015936,583762285568,442009774095,481621904669
1760290753.070658,51.8,11064901632,134892691456,171053056,35831015936,583762285568,442009774095,481621904669
1760290753.5715303,51.7,11062796288,134892691456,171053056,35831015936,583762285568,442009795069,481621925715
1760290754.0724242,51.8,11062636544,134892691456,171053056,35831015936,583762285568,442009795069,481621925715
1760290754.5732672,51.6,11062636544,134892691456,171053056,35831015936,583762285568,442009811050,481621941696
1760290755.0741508,51.6,11062882304,134892691456,171053056,35831015936,583762285568,442009812090,481621942736
1760290755.5750694,51.8,11063398400,134892691456,171053056,35831015936,583762285568,442009828383,481621959168
1760290756.0760953,51.7,11063902208,134892691456,171053056,35831015936,583762285568,442009829319,481621960104
1760290756.5770466,51.7,11064160256,134892691456,171053056,35831015936,583762285568,442009845508,481621976877
1760290757.0780506,51.7,11064160256,134892691456,171053056,35831015936,583762285568,442009849876,481621981245
1760290757.5790374,51.7,11064160256,134892691456,171053056,35831015936,583762285568,442009865924,481621997293
1760290758.080094,51.6,11064676352,134892691456,171053056,35831015936,583762285568,442009867246,481621998969
1760290758.581082,51.8,11083767808,134892691456,171053056,35831015936,583762285568,442009887998,481622019721
1760290759.0819833,51.7,11081752576,134892691456,171053056,35831015936,583762285568,442009888757,481622020832
1760290759.5830078,51.8,11098267648,134892691456,171053056,35831015936,583762285568,442009904530,481622036605
1760290760.0843337,51.7,11093958656,134892691456,171053056,35831015936,583762285568,442009904883,481622036971
1760290760.5855808,51.7,11094216704,134892691456,171315200,35831015936,583762285568,442009920656,481622052744
1760290761.0865686,51.8,11108511744,134892691456,171315200,35831015936,583762285568,442009921009,481622053249
1760290761.5879312,51.7,11108769792,134892691456,171315200,35831015936,583762285568,442009936782,481622069022
1760290762.0899637,51.8,11111579648,134892691456,171315200,35831015936,583762285568,442009937754,481622069899
1760290762.5909822,51.7,11111731200,134892691456,171315200,35831015936,583762285568,442009954426,481622086571
1760290763.092032,52.0,11132919808,134892691456,171315200,35831015936,583762285568,442009956057,481622088492
1760290763.593106,51.7,11132149760,134892691456,171315200,35831015936,583762285568,442009976185,481622108620
1760290764.0941331,51.7,11122839552,134892691456,171315200,35831015936,583762285568,442009978428,481622111241
1760290764.5951257,51.8,11139354624,134892691456,171315200,35831015936,583762285568,442009994201,481622127014
1760290765.0961525,51.7,11129511936,134892691456,171315200,35831015936,583762285568,442009995493,481622128449
1760290765.5970798,52.0,11152625664,134892691456,171315200,35831015936,583762285568,442010012306,481622145262
1760290766.0981336,51.6,11143704576,134892691456,171315200,35831015936,583762285568,442010013955,481622147328
1760290766.5991275,53.1,11161174016,134892691456,171315200,35831015936,583762285568,442010030664,481622164037
1760290767.1004114,51.6,11147202560,134892691456,171315200,35831015936,583762285568,442010032203,481622165941
1760290767.601557,51.9,11155701760,134892691456,171315200,35831015936,583762285568,442010052619,481622186357
1760290768.1030095,51.6,11130617856,134892691456,171315200,35831015936,583762285568,442010058129,481622192576
1760290768.6043074,51.6,11127386112,134892691456,171315200,35831015936,583762285568,442010078881,481622213328
1760290769.1053026,51.9,11140214784,134892691456,171315200,35831015936,583762285568,442010080426,481622214928
1760290769.6063225,51.7,11140214784,134892691456,171315200,35831015936,583762285568,442010096199,481622230701
1760290770.1074374,51.8,11134562304,134892691456,171315200,35831015936,583762285568,442010097323,481622232387
1760290770.608628,51.6,11134447616,134892691456,171315200,35831015936,583762285568,442010113096,481622248160
1760290771.1098313,51.8,11140947968,134892691456,171315200,35831015936,583762285568,442010114636,481622250087
1760290771.6108413,51.6,11138670592,134892691456,171315200,35831015936,583762285568,442010130409,481622265860
1760290772.111844,51.7,11154518016,134892691456,171315200,35831015936,583762285568,442010132528,481622268461
1760290772.613013,52.1,11174731776,134892691456,171315200,35831015936,583762285568,442010151504,481622287437
1760290773.114025,51.5,11163230208,134892691456,171315200,35831015936,583762285568,442010154460,481622290364
1760290773.6150012,52.0,11167358976,134892691456,171315200,35831015936,583762285568,442010174588,481622310492
1760290774.1160443,51.7,11153330176,134892691456,171315200,35831015936,583762285568,442010176114,481622312122
1760290774.617039,51.8,11164196864,134892691456,171315200,35831015936,583762285568,442010191887,481622327895
1760290775.118026,51.6,11155423232,134892691456,171315200,35831015936,583762285568,442010194049,481622330237
1760290775.6190298,51.8,11172941824,134892691456,171315200,35831015936,583762285568,442010210654,481622346842
1760290776.120402,51.6,11148214272,134892691456,171315200,35831015936,583762285568,442010212194,481622349138
1760290776.621492,51.9,11152330752,134892691456,171315200,35831015936,583762285568,442010228799,481622365743
1760290777.1226277,51.6,11143954432,134892691456,171315200,35831015936,583762285568,442010231242,481622368967
1760290777.6236749,51.7,11138359296,134892691456,171315200,35831015936,583762285568,442010249578,481622387303
1760290778.1247022,51.8,11141214208,134892691456,171315200,35831015936,583762285568,442010251952,481622390197
1760290778.6256926,51.7,11140775936,134892691456,171315200,35831015936,583762285568,442010272704,481622410949
1760290779.1267238,51.9,11148308480,134892691456,171315200,35831015936,583762285568,442010273829,481622412124
1760290779.6277466,51.7,11145211904,134892691456,171315200,35831015936,583762285568,442010289602,481622427897
1760290780.128987,51.8,11154243584,134892691456,171315200,35831015936,583762301952,442010290728,481622429199
1760290780.6302652,51.8,11160186880,134892691456,171315200,35831015936,583762310144,442010306501,481622444972
1760290781.1312778,51.6,11146379264,134892691456,171315200,35831015936,583762310144,442010306501,481622444972
1760290781.6325936,51.8,11161604096,134892691456,171315200,35831015936,583762310144,442010322986,481622461480
1760290782.1336894,51.7,11152924672,134892691456,171315200,35831015936,583762310144,442010322986,481622461480
1760290782.6347177,52.1,11150462976,134892691456,171315200,35831015936,583762310144,442010340651,481622479464
1760290783.1355257,51.6,11139334144,134892691456,171315200,35831015936,583762310144,442010344603,481622483416
1760290783.6365345,51.7,11138326528,134892691456,171315200,35831015936,583762310144,442010365948,481622505078
1760290784.137353,52.1,11147010048,134892691456,171315200,35831015936,583762310144,442010365948,481622505078
1760290784.6385782,52.2,11159068672,134892691456,171315200,35831015936,583762310144,442010382572,481622522238
1760290785.1405368,51.6,11152519168,134892691456,171315200,35831015936,583762310144,442010382572,481622522238
1760290785.6415396,51.7,11146334208,134892691456,171315200,35831015936,583762318336,442010399125,481622538929
1760290786.142706,52.5,11169894400,134892691456,171315200,35831015936,583762318336,442010399957,481622539761
1760290786.6438818,51.7,11168604160,134892691456,171315200,35831015936,583762318336,442010416795,481622556914
1760290787.144636,51.7,11158953984,134892691456,171315200,35831015936,583762318336,442010417627,481622557746
1760290787.645659,51.6,11156115456,134892691456,171315200,35831015936,583762318336,442010435914,481622576046
1760290788.146699,52.1,11150409728,134892691456,171315200,35831015936,583762318336,442010438202,481622578334
1760290788.6480064,52.1,11160612864,134892691456,171315200,35831015936,583762318336,442010461206,481622601667
1760290789.1492643,51.7,11155554304,134892691456,171315200,35831015936,583762318336,442010461830,481622602291
1760290789.6501374,52.3,11174326272,134892691456,171315200,35831015936,583762318336,442010478730,481622619638
1760290790.1512384,51.6,11162959872,134892691456,171315200,35831015936,583762318336,442010478730,481622619638
1760290790.6522276,52.1,11175849984,134892691456,171315200,35831015936,583762318336,442010517719,481622636236
1760290791.1532807,51.6,11164352512,134892691456,171315200,35831015936,583762318336,442010517719,481622636236
1760290791.6542976,51.9,11169656832,134892691456,171315200,35831015936,583762318336,442010535378,481622653966
1760290792.155563,51.9,11158200320,134892691456,171315200,35831015936,583762318336,442010535378,481622653966
1760290792.6566412,51.7,11157426176,134892691456,171577344,35831015936,583762318336,442010553653,481622672227
1760290793.1576693,52.2,11165880320,134892691456,171577344,35831015936,583762318336,442010557605,481622676179
1760290793.6586154,51.7,11161182208,134892691456,171577344,35831015936,583762318336,442010579161,481622697966
1760290794.1597614,52.1,11173228544,134892691456,171577344,35831015936,583762318336,442010579161,481622697966
1760290794.660952,51.6,11170209792,134892691456,171577344,35831015936,583762318336,442010596923,481622716206
1760290795.1620266,52.1,11186216960,134892691456,171577344,35831015936,583762318336,442010596923,481622716206
1760290795.6632445,52.2,11194122240,134892691456,171577344,35831015936,583762318336,442010615859,481622735805
1760290796.1644037,51.7,11183841280,134892691456,171577344,35831015936,583762318336,442010616691,481622736637
1760290796.6654527,53.4,11196436480,134892691456,171577344,35831015936,583762318336,442010634008,481622754742
1760290797.1663024,51.6,11181596672,134892691456,171577344,35831015936,583762318336,442010634840,481622755574
1760290797.667261,52.1,11177209856,134892691456,171577344,35831015936,583762318336,442010652923,481622773672
1760290798.1683576,51.6,11169734656,134892691456,171577344,35831015936,583762318336,442010655211,481622775960
1760290798.6695027,52.0,11180331008,134892691456,171577344,35831015936,583762318336,442010676601,481622797694
1760290799.1706173,51.6,11171872768,134892691456,171577344,35831015936,583762318336,442010677225,481622798318
1760290799.6716485,51.5,11167166464,134892691456,171577344,35831015936,583762318336,442010694140,481622815605
1760290800.1726804,51.8,11175505920,134892691456,171577344,35831015936,583762318336,442010694140,481622815605
1760290800.6737547,51.7,11170775040,134892691456,171577344,35831015936,583762318336,442010711058,481622832621
1760290801.174638,52.1,11195977728,134892691456,171839488,35831015936,583762318336,442010711058,481622832621
1760290801.6758676,51.8,11192770560,134892691456,171839488,35831015936,583762318336,442010727965,481622849958
1760290802.1768823,51.7,11180916736,134892691456,171839488,35831015936,583762351104,442010727965,481622849958
1760290802.6778896,51.7,11177197568,134892691456,171839488,35831015936,583762351104,442010744933,481622867207
1760290803.178886,51.6,11167555584,134892691456,171839488,35831015936,583762351104,442010748885,481622871159
1760290803.679956,51.8,11162071040,134892691456,171839488,35831015936,583762351104,442010769443,481622892108
1760290804.18089,51.6,11155570688,134892691456,171839488,35831015936,583762351104,442010769443,481622892108
1760290804.681884,51.6,11154538496,134892691456,171839488,35831015936,583762351104,442010785216,481622907881
1760290805.1829667,51.6,11148480512,134892691456,171839488,35831015936,583762351104,442010786484,481622909126
1760290805.6840212,51.8,11147411456,134892691456,171839488,35831015936,583762351104,442010802257,481622924899
1760290806.1850615,51.7,11140653056,134892691456,171839488,35831015936,583762351104,442010803255,481622926050
1760290806.6861176,51.7,11137351680,134892691456,171839488,35831015936,583762351104,442010819860,481622942655
1760290807.1871846,51.5,11136000000,134892691456,171839488,35831015936,583762351104,442010822183,481622944734
1760290807.6881964,51.6,11135983616,134892691456,171839488,35831015936,583762359296,442010839063,481622961614
1760290808.1895032,51.7,11131801600,134892691456,171839488,35831015936,583762359296,442010846143,481622964414
1760290808.690554,51.6,11131543552,134892691456,171839488,35831015936,583762359296,442010868559,481622986830
1760290809.1914356,51.6,11127574528,134892691456,171839488,35831015936,583762359296,442010870652,481622989224
1760290809.69232,51.7,11126837248,134892691456,171839488,35831015936,583762359296,442010887049,481623005621
1760290810.1933768,51.5,11124588544,134892691456,171839488,35831015936,583762359296,442010887479,481623006447
1760290810.6943967,51.7,11124588544,134892691456,171839488,35831015936,583762359296,442010903252,481623022220
1760290811.1951437,51.7,11123200000,134892691456,171839488,35831015936,583762359296,442010904185,481623023105
1760290811.6960144,51.6,11122941952,134892691456,171839488,35831015936,583762359296,442010919958,481623038878
1760290812.1969893,51.6,11123445760,134892691456,171839488,35831015936,583762359296,442010920388,481623039375
1760290812.697987,51.6,11123552256,134892691456,171839488,35831015936,583762359296,442010936436,481623055423
1760290813.1988814,51.6,11123552256,134892691456,171839488,35831015936,583762359296,442010937612,481623056522
1760290813.699956,51.6,11123552256,134892691456,171839488,35831015936,583762359296,442010961692,481623080602
1760290814.2008383,51.6,11123798016,134892691456,171839488,35831015936,583762359296,442010962122,481623081428
1760290814.7017124,51.6,11124056064,134892691456,171839488,35831015936,583762359296,442010977895,481623097201
1760290815.20284,51.6,11124056064,134892691456,171839488,35831015936,583762359296,442010977895,481623097664
1760290815.7039495,51.6,11124314112,134892691456,171839488,35831015936,583762359296,442010993668,481623113437
1760290816.2050035,51.7,11123961856,134892691456,171839488,35831015936,583762359296,442010993876,481623113969
1760290816.7059834,51.6,11124207616,134892691456,171839488,35831015936,583762359296,442011010481,481623130574
1760290817.206854,51.7,11124465664,134892691456,171839488,35831015936,583762359296,442011010481,481623130973
1760290817.7078784,51.6,11124465664,134892691456,171839488,35831015936,583762359296,442011027361,481623147853
1760290818.2088785,51.6,11124465664,134892691456,171839488,35831015936,583762359296,442011028267,481623148650
1760290818.7098317,52.0,11142012928,134892691456,171839488,35831015936,583762359296,442011050683,481623171066
1760290819.2110536,51.7,11142012928,134892691456,171839488,35831015936,583762359296,442011052274,481623172751
1760290819.7120857,51.6,11139985408,134892691456,171839488,35831015936,583762359296,442011068671,481623189148
1760290820.2131338,51.8,11156758528,134892691456,171839488,35831015936,583762359296,442011069024,481623189838
1760290820.714194,51.6,11151937536,134892691456,171839488,35831015936,583762359296,442011084797,481623205611
1760290821.2149594,52.1,11152539648,134892691456,171839488,35831015936,583762359296,442011086122,481623207317
1760290821.7158215,51.9,11133693952,134892691456,171839488,35831015936,583762359296,442011101895,481623223090
1760290822.216681,51.5,11133579264,134892691456,171839488,35831015936,583762359296,442011103146,481623224646
1760290822.7176876,51.8,11134857216,134892691456,171839488,35831015936,583762359296,442011119194,481623240694
1760290823.2185783,51.7,11133116416,134892691456,171839488,35831015936,583762359296,442011120308,481623241846
1760290823.7196164,51.9,11146448896,134892691456,171839488,35831015936,583762359296,442011144388,481623265926
1760290824.2207716,51.5,11146448896,134892691456,171839488,35831015936,583762359296,442011144744,481623266357
1760290824.7216496,51.7,11160367104,134892691456,172625920,35831015936,583762359296,442011160517,481623282130
1760290825.2227886,51.6,11159232512,134892691456,172625920,35831015936,583762359296,442011163462,481623285275
1760290825.7237926,51.6,11153715200,134892691456,172625920,35831015936,583762359296,442011179235,481623301048
1760290826.2246525,51.8,11156135936,134892691456,172625920,35831015936,583762359296,442011180212,481623302708
1760290826.7256858,52.9,11150942208,134892691456,172625920,35831015936,583762359296,442011196817,481623319313
1760290827.2265913,51.8,11167223808,134892691456,172625920,35831015936,583762359296,442011198431,481623320921
1760290827.7274659,51.7,11162292224,134892691456,172625920,35831015936,583762359296,442011214479,481623336969
1760290828.228707,52.1,11187576832,134892691456,172625920,35831015936,583762359296,442011215311,481623337801
1760290828.7297041,51.9,11183304704,134892691456,172625920,35831015936,583762359296,442011237747,481623360979
1760290829.2306457,51.7,11198783488,134892691456,172625920,35831015936,583762359296,442011240035,481623363267
1760290829.7315476,51.8,11190329344,134892691456,172625920,35831015936,583762359296,442011260120,481623383885
1760290830.2324798,51.6,11189719040,134892691456,172625920,35831015936,583762359296,442011260744,481623384509
1760290830.733367,51.8,11200856064,134892691456,172625920,35831015936,583762359296,442011277346,481623401282
1760290831.234453,51.6,11195293696,134892691456,172625920,35831015936,583762359296,442011277346,481623401282
1760290831.7354574,51.9,11191382016,134892691456,172625920,35831015936,583762359296,442011294243,481623418231
1760290832.2368965,51.7,11190534144,134892691456,172625920,35831015936,583762359296,442011294243,481623418231
1760290832.7379692,51.9,11197906944,134892691456,172625920,35831015936,583762359296,442011314627,481623438575
1760290833.2389557,51.6,11197210624,134892691456,172625920,35831015936,583762359296,442011314627,481623438575
1760290833.7403553,51.8,11196612608,134892691456,172625920,35831015936,583762359296,442011345642,481623547282
1760290834.24195,51.6,11195379712,134892691456,172625920,35831015936,583762359296,442011346266,481623547906
1760290834.7429934,51.6,11184091136,134892691456,172625920,35831015936,583762359296,442011365890,481623568012
1760290835.2439475,51.9,11187806208,134892691456,172625920,35831015936,583762359296,442011365890,481623568012
1760290835.7448208,51.7,11178000384,134892691456,172625920,35831015936,583762359296,442011383205,481623585751
1760290836.2458868,51.9,11194105856,134892691456,172625920,35831015936,583762359296,442011383205,481623585751
1760290836.7469962,51.7,11186069504,134892691456,172625920,35831015936,583762359296,442011400723,481623604156
1760290837.248105,52.0,11209637888,134892691456,172625920,35831015936,583762359296,442011401555,481623604988
1760290837.7491157,51.6,11197218816,134892691456,172625920,35831015936,583762359296,442011423529,481623627325
1760290838.2500286,51.6,11196690432,134892691456,172625920,35831015936,583762359296,442011424361,481623628157
1760290838.7508812,51.8,11202834432,134892691456,172625920,35831015936,583762359296,442011446030,481623650001
1760290839.2517443,51.6,11201691648,134892691456,172625920,35831015936,583762359296,442011448318,481623652289
1760290839.752648,51.8,11194597376,134892691456,172625920,35831015936,583762359296,442011466048,481623670450
1760290840.253705,51.6,11194597376,134892691456,172625920,35831015936,583762359296,442011466672,481623671074
1760290840.7547588,52.1,11199483904,134892691456,172888064,35831015936,583762359296,442011483571,481623688405
1760290841.255673,51.5,11198799872,134892691456,173150208,35831015936,583762359296,442011483571,481623688405
1760290841.7567213,51.9,11201933312,134892691456,173150208,35831015936,583762359296,442011499344,481623704502
1760290842.2577772,51.6,11200368640,134892691456,173150208,35831015936,583762359296,442011499344,481623704502
1760290842.758681,52.1,11199168512,134892691456,173150208,35831015936,583762359296,442011520337,481623725424
1760290843.259718,51.6,11198742528,134892691456,173150208,35831015936,583762359296,442011520337,481623725424
1760290843.7607777,51.6,11189440512,134892691456,173150208,35831015936,583762359296,442011541682,481623746696
1760290844.2617216,52.1,11191218176,134892691456,173150208,35831015936,583762359296,442011542306,481623747320
1760290844.7626863,51.6,11183378432,134892691456,173150208,35831015936,583762359296,442011558790,481623763845
1760290845.2635827,52.2,11208417280,134892691456,173150208,35831015936,583762359296,442011558790,481623763845
1760290845.7644808,51.9,11199729664,134892691456,173150208,35831015936,583762359296,442011575627,481623781208
1760290846.265406,51.6,11197497344,134892691456,173150208,35831015936,583762359296,442011575627,481623781208
1760290846.7663279,52.1,11190747136,134892691456,173150208,35831015936,583762359296,442011592321,481623798517
1760290847.2671118,51.8,11190161408,134892691456,173150208,35831015936,583762359296,442011593153,481623799349
1760290847.7682064,51.7,11180273664,134892691456,173150208,35831015936,583762359296,442011610663,481623817124
1760290848.2695663,52.6,11196264448,134892691456,173150208,35831015936,583762359296,442011611495,481623817956
1760290848.7707088,51.7,11188477952,134892691456,173150208,35831015936,583762359296,442011633157,481623839689
1760290849.2716336,51.5,11188461568,134892691456,173150208,35831015936,583762359296,442011635445,481623841977
1760290849.7725616,51.6,11179778048,134892691456,173150208,35831015936,583762383872,442011652721,481623859233
1760290850.273603,52.6,11213299712,134892691456,173150208,35831015936,583762383872,442011653345,481623859857
1760290850.7747483,51.8,11201871872,134892691456,173150208,35831015936,583762383872,442011670903,481623877772
1760290851.2757058,52.1,11201298432,134892691456,173150208,35831015936,583762383872,442011670903,481623877772
1760290851.7767417,51.7,11192102912,134892691456,173150208,35831015936,583762383872,442011686676,481623893545
1760290852.2776697,51.6,11192102912,134892691456,173150208,35831015936,583762383872,442011688564,481623895754
1760290852.778653,52.3,11201028096,134892691456,173150208,35831015936,583762383872,442011704612,481623911802
1760290853.2795653,51.6,11201028096,134892691456,173150208,35831015936,583762383872,442011710264,481623917855
1760290853.780594,52.1,11190415360,134892691456,173150208,35831015936,583762383872,442011730392,481623937983
1760290854.2816129,51.6,11190607872,134892691456,173150208,35831015936,583762383872,442011731099,481623939089
1760290854.7826147,52.1,11191771136,134892691456,173150208,35831015936,583762383872,442011747496,481623955486
1760290855.283778,51.6,11190976512,134892691456,173150208,35831015936,583762392064,442011749395,481623957637
1760290855.7846675,51.7,11182309376,134892691456,173150208,35831015936,583762392064,442011765168,481623973410
1760290856.2856412,52.1,11199926272,134892691456,173150208,35831015936,583762392064,442011766843,481623975425
1760290856.7865531,52.5,11192397824,134892691456,173412352,35831015936,583762392064,442011782616,481623991198
1760290857.287899,52.6,11226664960,134892691456,173412352,35831015936,583762392064,442011783868,481623992725
1760290857.7898796,51.7,11212820480,134892691456,173412352,35831015936,583762392064,442011800748,481624009605
1760290858.291092,51.7,11229765632,134892691456,173412352,35831015936,583762392064,442011802719,481624012152
1760290858.7921536,51.7,11223232512,134892691456,173412352,35831015936,583762392064,442011823679,481624033112
1760290859.2930803,51.6,11222872064,134892691456,173412352,35831015936,583762392064,442011825237,481624035094
1760290859.7939517,51.9,11214569472,134892691456,173412352,35831015936,583762392064,442011843298,481624053155
1760290860.2948895,51.6,11213983744,134892691456,173412352,35831015936,583762392064,442011845275,481624055364
1760290860.7957745,51.9,11222974464,134892691456,173412352,35831015936,583762392064,442011861672,481624071761
1760290861.296693,51.6,11221458944,134892691456,173412352,35831015936,583762392064,442011862454,481624072956
1760290861.7975845,51.9,11228336128,134892691456,173412352,35831015936,583762392064,442011878227,481624088729
1760290862.2986307,51.6,11227394048,134892691456,173412352,35831015936,583762392064,442011879499,481624089981
1760290862.7995024,51.7,11219873792,134892691456,173412352,35831015936,583762392064,442011895547,481624106029
1760290863.3005416,51.6,11220000768,134892691456,173412352,35831015936,583762392064,442011899735,481624110350
1760290863.8013713,51.6,11215519744,134892691456,173412352,35831015936,583762392064,442011919863,481624130478
1760290864.3022492,51.7,11217358848,134892691456,173412352,35831015936,583762392064,442011920653,481624131356
1760290864.803221,51.6,11214036992,134892691456,173412352,35831015936,583762392064,442011937050,481624147753
1760290865.3042834,51.6,11214036992,134892691456,173412352,35831015936,583762392064,442011937480,481624148579
1760290865.8051782,51.7,11206295552,134892691456,173412352,35831015936,583762392064,442011953253,481624164352
1760290866.3060684,51.7,11206025216,134892691456,173412352,35831015936,583762392064,442011954531,481624166235
1760290866.8069525,51.6,11200569344,134892691456,173412352,35831015936,583762392064,442011970304,481624182008
1760290867.3079734,51.6,11205369856,134892691456,173412352,35831015936,583762392064,442011971793,481624184320
1760290867.8089738,51.7,11202121728,134892691456,173412352,35831015936,583762392064,442011988673,481624201200
1760290868.310099,51.6,11201703936,134892691456,173412352,35831015936,583762392064,442011990294,481624202812
1760290868.8111417,51.8,11198283776,134892691456,173412352,35831015936,583762392064,442012011254,481624223772
1760290869.312021,51.5,11200454656,134892691456,173412352,35831015936,583762392064,442012012511,481624225132
1760290869.812883,51.7,11197939712,134892691456,173412352,35831015936,583762392064,442012030572,481624243193
1760290870.3137755,51.5,11198615552,134892691456,173412352,35831015936,583762392064,442012032496,481624245179
1760290870.81465,51.8,11195633664,134892691456,173412352,35831015936,583762392064,442012048893,481624261576
1760290871.3155673,51.5,11196129280,134892691456,173412352,35831015936,583762392064,442012050232,481624263235
1760290871.8164268,51.6,11197145088,134892691456,173412352,35831015936,583762392064,442012066344,481624279008
1760290872.3173432,51.6,11197145088,134892691456,173412352,35831015936,583762392064,442012067670,481624280657
1760290872.8182652,51.7,11196223488,134892691456,173412352,35831015936,583762392064,442012083718,481624296705
1760290873.3191803,51.7,11196223488,134892691456,173412352,35831015936,583762392064,442012087882,481624301300
1760290873.8198295,51.7,11196088320,134892691456,173412352,35831015936,583762392064,442012108010,481624321428
1760290874.3207276,51.7,11196289024,134892691456,173412352,35831015936,583762392064,442012108010,481624321428
1760290874.8216507,51.6,11198033920,134892691456,173412352,35831015936,583762392064,442012124189,481624337642
1760290875.3225496,51.6,11198033920,134892691456,173412352,35831015936,583762392064,442012124813,481624338266
1760290875.8234346,51.5,11200356352,134892691456,173412352,35831015936,583762392064,442012140992,481624354626
1760290876.324411,51.6,11200356352,134892691456,173412352,35831015936,583762392064,442012140992,481624354626
1760290876.8252904,51.6,11200356352,134892691456,173412352,35831015936,583762392064,442012157171,481624371100
1760290877.3261912,51.6,11200356352,134892691456,173412352,35831015936,583762392064,442012157171,481624371100
1760290877.827083,51.7,11200614400,134892691456,173412352,35831015936,583762392064,442012174334,481624388634
1760290878.328253,51.6,11200614400,134892691456,173412352,35831015936,583762392064,442012175166,481624389466
1760290878.8293395,51.8,11222806528,134892691456,173412352,35831015936,583762392064,442012196106,481624410773
1760290879.3303108,51.5,11213156352,134892691456,173412352,35831015936,583762392064,442012196938,481624411605
1760290879.831248,51.8,11231342592,134892691456,173412352,35831015936,583762392064,442012213890,481624428925
1760290880.3322437,51.6,11232116736,134892691456,173412352,35831015936,583762392064,442012216178,481624431213
1760290880.8331687,51.9,11240099840,134892691456,173412352,35831015936,583762392064,442012233542,481624448823
1760290881.3340948,51.7,11240292352,134892691456,173412352,35831015936,583762392064,442012234166,481624449447
1760290881.835112,51.7,11237888000,134892691456,173412352,35831015936,583762392064,442012251670,481624466906
1760290882.336028,51.8,11254145024,134892691456,173412352,35831015936,583762392064,442012251670,481624466906
1760290882.8369532,51.6,11252097024,134892691456,173412352,35831015936,583762392064,442012269375,481624484563
1760290883.3378477,52.1,11284795392,134892691456,173412352,35831015936,583762392064,442012269375,481624484563
1760290883.8391104,51.9,11278475264,134892691456,173412352,35831015936,583762392064,442012294707,481624510376
1760290884.3401396,51.8,11294527488,134892691456,173412352,35831015936,583762392064,442012294707,481624510376
1760290884.8411548,51.7,11281031168,134892691456,173412352,35831015936,583762392064,442012311600,481624527777
1760290885.3420215,51.8,11298164736,134892691456,173412352,35831015936,583762392064,442012312224,481624528401
1760290885.843032,51.7,11288342528,134892691456,173412352,35831015936,583762392064,442012329174,481624545791
1760290886.3439882,52.0,11287441408,134892691456,173412352,35831015936,583762392064,442012329174,481624545791
1760290886.8448842,52.5,11293675520,134892691456,173412352,35831015936,583762392064,442012346476,481624563428
1760290887.345974,51.6,11294646272,134892691456,173412352,35831015936,583762392064,442012346476,481624563428
1760290887.847174,51.9,11299819520,134892691456,173412352,35831015936,583762392064,442012364538,481624581550
1760290888.3482823,51.7,11299500032,134892691456,173412352,35831015936,583762392064,442012365370,481624582382
1760290888.8493462,52.0,11298684928,134892691456,173674496,35831015936,583762392064,442012387301,481624604676
1760290889.3502817,51.5,11297677312,134892691456,173674496,35831015936,583762392064,442012388133,481624605508
1760290889.8512175,51.8,11307585536,134892691456,173674496,35831015936,583762392064,442012405692,481624623386
1760290890.3522117,51.7,11316043776,134892691456,173674496,35831015936,583762392064,442012407980,481624625674
1760290890.8532388,51.7,11304693760,134892691456,173674496,35831015936,583762392064,442012426955,481624645227
1760290891.3541353,51.8,11321249792,134892691456,173674496,35831015936,583762392064,442012427579,481624645851
1760290891.855049,51.8,11308281856,134892691456,173674496,35831015936,583762392064,442012445240,481624664085
1760290892.3559833,52.3,11333001216,134892691456,173674496,35831015936,583762392064,442012445240,481624664085
1760290892.8572826,51.7,11311345664,134892691456,173936640,35831015936,583762392064,442012467798,481624686791
1760290893.3584807,52.2,11330699264,134892691456,173936640,35831015936,583762392064,442012467798,481624686791
1760290893.8595705,51.7,11320512512,134892691456,173936640,35831015936,583762392064,442012490480,481624709292
1760290894.360804,51.6,11320012800,134892691456,173936640,35831015936,583762392064,442012490480,481624709292
1760290894.8615642,51.9,11306213376,134892691456,173936640,35831015936,583762392064,442012508559,481624727585
1760290895.362543,51.6,11306913792,134892691456,173936640,35831015936,583762392064,442012509183,481624728209
1760290895.8634114,51.9,11311353856,134892691456,173936640,35831015936,583762392064,442012526848,481624746007
1760290896.364389,51.7,11310301184,134892691456,173936640,35831015936,583762392064,442012526848,481624746007
1760290896.865337,51.9,11318677504,134892691456,173936640,35831015936,583762392064,442012544521,481624764905
1760290897.3662906,51.7,11320438784,134892691456,173936640,35831015936,583762392064,442012544521,481624764905
1760290897.867179,51.9,11320016896,134892691456,173936640,35831015936,583762392064,442012560569,481624780953
1760290898.3681927,51.7,11320365056,134892691456,173936640,35831015936,583762392064,442012562748,481624783410
1760290898.8693538,51.6,11311828992,134892691456,173936640,35831015936,583762392064,442012583708,481624804370
1760290899.3702955,51.8,11319717888,134892691456,173936640,35831015936,583762392064,442012584976,481624806247
1760290899.8712082,51.6,11309805568,134892691456,173936640,35831015936,583762392064,442012601581,481624822852
1760290900.372144,52.0,11343822848,134892691456,173936640,35831015936,583762392064,442012602763,481624824065
1760290900.8731496,51.8,11334451200,134892691456,173936640,35831015936,583762392064,442012620824,481624842126
1760290901.3741426,51.6,11332366336,134892691456,173936640,35831015936,583762392064,442012624058,481624845650
1760290901.8751378,51.8,11337068544,134892691456,173936640,35831015936,583762392064,442012640455,481624862047
1760290902.3761737,51.6,11336474624,134892691456,173936640,35831015936,583762392064,442012641519,481624863232
1760290902.8770926,52.1,11327266816,134892691456,173936640,35831015936,583762392064,442012660895,481624882608
1760290903.3782096,51.5,11327590400,134892691456,173936640,35831015936,583762392064,442012663369,481624885404
1760290903.8791132,51.7,11315806208,134892691456,173936640,35831015936,583762392064,442012683497,481624905532
1760290904.3800373,52.6,11333087232,134892691456,173936640,35831015936,583762392064,442012683923,481624906377
1760290904.881233,51.6,11326656512,134892691456,173936640,35831015936,583762392064,442012699696,481624922150
1760290905.382177,52.1,11344896000,134892691456,173936640,35831015936,583762392064,442012701397,481624924421
1760290905.8831158,51.6,11341250560,134892691456,173936640,35831015936,583762392064,442012717794,481624940818
1760290906.3840992,52.0,11353702400,134892691456,173936640,35831015936,583762392064,442012719464,481624942801
1760290906.8855538,51.7,11346604032,134892691456,173936640,35831015936,583762392064,442012734271,481624957608
1760290907.3864698,51.7,11346862080,134892691456,173936640,35831015936,583762392064,442012743049,481624966381
1760290907.8891754,52.2,11353481216,134892691456,173936640,35831015936,583762392064,442012753478,481624976810
1760290908.3908145,51.6,11353481216,134892691456,173936640,35831015936,583762392064,442012763941,481624987347
1760290908.8927069,52.2,11338633216,134892691456,173936640,35831015936,583762392064,442012775764,481624999170
1760290909.39449,51.7,11338416128,134892691456,173936640,35831015936,583762392064,442012788136,481625011921
1760290909.8958387,52.1,11326234624,134892691456,173936640,35831015936,583762392064,442012793499,481625017284
1760290910.3967273,51.6,11327311872,134892691456,173936640,35831015936,583762392064,442012807097,481625031224
1760290910.89811,51.7,11323269120,134892691456,173936640,35831015936,583762392064,442012813296,481625037423
1760290911.3991103,52.5,11335294976,134892691456,173936640,35831015936,583762392064,442012829286,481625053977
1760290911.899969,51.8,11329814528,134892691456,173936640,35831015936,583762392064,442012833129,481625057820
1760290912.4009476,51.6,11330846720,134892691456,173936640,35831015936,583762392064,442012850544,481625075201
1760290912.9025588,52.0,11344560128,134892691456,173936640,35831015936,583762392064,442012854468,481625079125
1760290913.4035358,51.7,11345076224,134892691456,173936640,35831015936,583762392064,442012871348,481625096236
1760290913.904508,51.7,11339706368,134892691456,173936640,35831015936,583762392064,442012876024,481625100912
1760290914.4053967,52.6,11380617216,134892691456,173936640,35831015936,583762392064,442012893870,481625119039
1760290914.906192,51.6,11370586112,134892691456,173936640,35831015936,583762392064,442012894191,481625119360
1760290915.4071536,52.1,11381313536,134892691456,173936640,35831015936,583762392064,442012910683,481625136200
1760290915.9080327,51.8,11374231552,134892691456,173936640,35831015936,583762392064,442012911628,481625137145
1760290916.4090676,52.5,11373920256,134892691456,173936640,35831015936,583762392064,442012928971,481625155323
1760290916.9098814,52.1,11361579008,134892691456,173936640,35831015936,583762392064,442012929292,481625155644
1760290917.4107516,52.6,11394592768,134892691456,173936640,35831015936,583762392064,442012946352,481625173049
1760290917.9116738,51.8,11382812672,134892691456,173936640,35831015936,583762392064,442012946948,481625173645
1760290918.4126565,51.5,11382972416,134892691456,173936640,35831015936,583762392064,442012963401,481625190455
1760290918.9135885,51.6,11376476160,134892691456,173936640,35831015936,583762392064,442012968909,481625195963
1760290919.4144244,52.2,11412127744,134892691456,173936640,35831015936,583762392064,442012986218,481625213531
1760290919.9151995,51.6,11399319552,134892691456,173936640,35831015936,583762416640,442012987371,481625214684
1760290920.416167,51.9,11415425024,134892691456,173936640,35831015936,583762416640,442013004021,481625231562
1760290920.916879,51.6,11405598720,134892691456,173936640,35831015936,583762416640,442013006630,481625234171
1760290921.4177659,51.6,11421032448,134892691456,173936640,35831015936,583762416640,442013022082,481625249623
1760290921.9187152,51.6,11409149952,134892691456,173936640,35831015936,583762416640,442013024017,481625252037
1760290922.4196038,51.6,11408719872,134892691456,173936640,35831015936,583762416640,442013040093,481625268113
1760290922.920713,51.6,11395227648,134892691456,173936640,35831015936,583762416640,442013041609,481625269910
1760290923.421576,51.6,11395043328,134892691456,173936640,35831015936,583762416640,442013060389,481625288690
1760290923.9225194,51.5,11389542400,134892691456,173936640,35831015936,583762416640,442013065495,481625294187
1760290924.423392,51.7,11391164416,134892691456,173936640,35831015936,583762416640,442013080947,481625309639
1760290924.9243078,51.7,11382562816,134892691456,173936640,35831015936,583762416640,442013081698,481625310462
1760290925.425142,51.7,11382263808,134892691456,173936640,35831015936,583762424832,442013097150,481625325914
1760290925.9260283,51.6,11380232192,134892691456,173936640,35831015936,583762424832,442013098261,481625327179
1760290926.426886,51.7,11380486144,134892691456,173936640,35831015936,583762424832,442013114337,481625343255
1760290926.9277039,51.6,11374522368,134892691456,173936640,35831015936,583762424832,442013115936,481625345596
1760290927.4285493,51.6,11376328704,134892691456,173936640,35831015936,583762424832,442013131388,481625361048
1760290927.9294672,51.7,11372204032,134892691456,173936640,35831015936,583762424832,442013133625,481625363595
1760290928.4304733,51.6,11376590848,134892691456,173936640,35831015936,583762424832,442013149077,481625379047
1760290928.93136,51.6,11375493120,134892691456,173936640,35831015936,583762424832,442013155222,481625385493
1760290929.432101,51.8,11375456256,134892691456,173936640,35831015936,583762424832,442013171506,481625401777
1760290929.9328938,51.6,11375337472,134892691456,173936640,35831015936,583762424832,442013172257,481625402600
1760290930.4337223,51.6,11437088768,134892691456,173936640,35831015936,583762424832,442013193138,481625423481
1760290930.934749,51.6,11440349184,134892691456,173936640,35831015936,583762424832,442013195124,481625425741
1760290931.4356012,51.8,11443445760,134892691456,173936640,35831015936,583762424832,442013212864,481625443481
1760290931.9363453,51.6,11443621888,134892691456,173936640,35831015936,583762424832,442013214447,481625445131
1760290932.4372382,51.7,11444137984,134892691456,173936640,35831015936,583762424832,442013230523,481625461207
1760290932.938134,51.5,11446202368,134892691456,173936640,35831015936,583762424832,442013232039,481625462686
1760290933.4389825,51.6,11446202368,134892691456,173936640,35831015936,583762424832,442013250611,481625481258
1760290933.9405158,51.7,11446460416,134892691456,173936640,35831015936,583762424832,442013255717,481625486436
1760290934.4422276,51.7,11450818560,134892691456,173936640,35831015936,583762424832,442013271169,481625501888
1760290934.9438741,51.7,11453915136,134892691456,173936640,35831015936,583762424832,442013271490,481625502533
1760290935.4458776,51.7,11454947328,134892691456,173936640,35831015936,583762424832,442013286942,481625517985
1760290935.946863,51.5,11456778240,134892691456,173936640,35831015936,583762424832,442013288314,481625519027
1760290936.4480522,51.6,11460132864,134892691456,173936640,35831015936,583762424832,442013304390,481625535103
1760290936.9487736,51.6,11461423104,134892691456,173936640,35831015936,583762424832,442013304711,481625536008
1760290937.4498477,51.6,11465814016,134892691456,173936640,35831015936,583762424832,442013320438,481625551735
1760290937.951116,51.6,11466235904,134892691456,173936640,35831015936,583762424832,442013321249,481625552576
1760290938.4519858,51.9,11486621696,134892691456,173936640,35831015936,583762424832,442013341056,481625572383
1760290938.9528394,51.6,11488985088,134892691456,173936640,35831015936,583762424832,442013342344,481625573699
1760290939.4536932,51.5,11490791424,134892691456,173936640,35831015936,583762424832,442013358628,481625589983
1760290939.9546506,51.7,11664097280,134892691456,173936640,35831015936,583762424832,442013359302,481625590670
1760290940.4560077,51.7,11571666944,134892691456,173936640,35831015936,583762424832,442013380390,481625611758
1760290940.9568698,52.0,11587903488,134892691456,173936640,35831015936,583762424832,442013381480,481625613324
1760290941.4575577,51.6,11594027008,134892691456,173936640,35831015936,583762424832,442013399220,481625631064
1760290941.9584112,51.9,11602481152,134892691456,173936640,35831015936,583762424832,442013401698,481625633784
1760290942.4593074,51.7,11606040576,134892691456,173936640,35831015936,583762424832,442013418049,481625650135
1760290942.9601896,51.8,11602735104,134892691456,173936640,35831015936,583762424832,442013419976,481625652306
1760290943.4616635,52.0,11640672256,134892691456,173936640,35831015936,583762424832,442013446582,481625678912
1760290943.9638772,51.6,11684446208,134892691456,173936640,35831015936,583762424832,442013449999,481625682730
1760290944.4647634,51.8,11970105344,134892691456,173936640,35831015936,583762424832,442013466624,481625699355
1760290944.966274,51.8,11760078848,134892691456,173936640,35831015936,583762424832,442013474107,481625706838
1760290945.467458,51.6,11764207616,134892691456,173936640,35831015936,583762424832,442013493272,481625726006
1760290945.9686944,51.7,11779465216,134892691456,173936640,35831015936,583762424832,442013493272,481625726006
1760290946.4698396,52.7,11781357568,134892691456,173936640,35831015936,583762424832,442013511068,481625742828
1760290946.9708402,51.7,11796672512,134892691456,173936640,35831015936,583762424832,442013511692,481625743452
1760290947.471871,52.0,11971342336,134892691456,173936640,35831015936,583762424832,442013529353,481625761693
1760290947.9728787,51.6,11877711872,134892691456,173936640,35831015936,583762424832,442013533091,481625765431
1760290948.4738703,51.8,11897716736,134892691456,173936640,35831015936,583762424832,442013555505,481625788493
1760290948.974758,51.5,11886862336,134892691456,173936640,35831015936,583762424832,442013555505,481625788493
1760290949.4756167,51.8,11905273856,134892691456,173936640,35831015936,583762424832,442013573077,481625806457
1760290949.976511,51.7,11955412992,134892691456,173936640,35831015936,583762424832,442013577602,481625810982
1760290950.4777899,51.8,12133482496,134892691456,173936640,35831015936,583762424832,442013596033,481625829599
1760290950.979053,51.6,12286898176,134892691456,173936640,35831015936,583762424832,442013600817,481625834383
1760290951.4801044,51.8,12135555072,134892691456,173936640,35831015936,583762424832,442013635331,481625868949
1760290951.981031,51.9,12209668096,134892691456,173936640,35831015936,583762424832,442013641366,481625874984
1760290952.4818804,51.9,12277903360,134892691456,173936640,35831015936,583762424832,442013668757,481625902325
1760290952.982751,51.8,12424110080,134892691456,173936640,35831015936,583762424832,442013669381,481625902949
1760290953.4837458,51.7,12348268544,134892691456,173936640,35831015936,583762424832,442013698211,481625930339
1760290953.9847631,51.8,12420546560,134892691456,173936640,35831015936,583762424832,442013701951,481625934079
1760290954.4856694,51.6,12419657728,134892691456,173936640,35831015936,583762424832,442013720519,481625953159
1760290954.986632,51.8,12426592256,134892691456,173936640,35831015936,583762424832,442013720519,481625953159
1760290955.4887755,52.0,12411068416,134892691456,173936640,35831015936,583762424832,442013738548,481625971833
1760290955.9900324,51.6,12397731840,134892691456,173936640,35831015936,583762424832,442013738548,481625971833
1760290956.4907537,51.7,12415266816,134892691456,173936640,35831015936,583762424832,442013755143,481625988766
1760290956.9914753,51.6,12402671616,134892691456,173936640,35831015936,583762424832,442013755767,481625989390
1760290957.4923706,51.9,12542300160,134892691456,173936640,35831015936,583762424832,442013773843,481626008053
1760290957.9934385,51.8,12425072640,134892691456,173936640,35831015936,583762424832,442013782457,481626016667
1760290958.4944642,51.7,12423675904,134892691456,173936640,35831015936,583762424832,442013808368,481626042988
1760290958.9953034,51.8,12405501952,134892691456,173936640,35831015936,583762424832,442013808368,481626042988
1760290959.496005,51.6,12403269632,134892691456,174198784,35831015936,583762424832,442013828551,481626061508
1760290959.9966214,51.7,12399153152,134892691456,174198784,35831015936,583762424832,442013829383,481626062340
1760290960.4975135,51.9,12481495040,134892691456,174198784,35831015936,583762424832,442013851221,481626084420
1760290960.9983277,51.5,12463898624,134892691456,174198784,35831015936,583762424832,442013852053,481626085252
1760290961.4991782,51.6,12461314048,134892691456,174198784,35831015936,583762424832,442013869094,481626103206
1760290962.0000381,51.6,12444286976,134892691456,174198784,35831015936,583762424832,442013871382,481626105494
1760290962.5010934,52.3,12454211584,134892691456,174198784,35831015936,583762424832,442013891304,481626125788
1760290963.0020385,51.7,12437225472,134892691456,174198784,35831015936,583762424832,442013894216,481626128700
1760290963.5029755,52.1,12436512768,134892691456,174198784,35831015936,583762424832,442013915263,481626149788
1760290964.0038364,51.6,12424163328,134892691456,174198784,35831015936,583762424832,442013915471,481626149996
1760290964.5046067,52.1,12441194496,134892691456,174198784,35831015936,583762424832,442013931956,481626166585
1760290965.0055482,51.7,12426428416,134892691456,174198784,35831015936,583762424832,442013931956,481626166585
1760290965.5065238,51.7,12427186176,134892691456,174198784,35831015936,583762424832,442013947729,481626182557
1760290966.007519,52.0,12428554240,134892691456,174198784,35831015936,583762424832,442013947729,481626182557
1760290966.5085793,51.7,12428017664,134892691456,174198784,35831015936,583762424832,442013966656,481626199675
1760290967.0095718,52.1,12430585856,134892691456,174198784,35831015936,583762424832,442013967280,481626200299
1760290967.5104854,51.7,12429721600,134892691456,174198784,35831015936,583762424832,442013985503,481626218818
1760290968.0114987,52.0,12425646080,134892691456,174198784,35831015936,583762424832,442013985503,481626218818
1760290968.5125282,51.6,12425678848,134892691456,174460928,35831015936,583762424832,442014005839,481626239154
1760290969.013555,52.1,12433989632,134892691456,174460928,35831015936,583762424832,442014006605,481626240290
1760290969.5146396,52.1,12443250688,134892691456,174460928,35831015936,583762424832,442014022378,481626256063
1760290970.0152833,51.7,12432060416,134892691456,174460928,35831015936,583762424832,442014023779,481626257534
1760290970.5159874,51.6,12431286272,134892691456,174460928,35831015936,583762424832,442014040384,481626274139
1760290971.0170045,52.0,12419702784,134892691456,174460928,35831015936,583762424832,442014040878,481626274784
1760290971.518046,52.1,12418600960,134892691456,174460928,35831015936,583762424832,442014057483,481626291389
1760290972.019041,51.5,12406255616,134892691456,174460928,35831015936,583762424832,442014060860,481626294812
1760290972.520224,52.1,12423798784,134892691456,174460928,35831015936,583762424832,442014079196,481626313148
1760290973.0211792,51.6,12414226432,134892691456,174460928,35831015936,583762424832,442014082560,481626316847
1760290973.522101,52.2,12431171584,134892691456,174460928,35831015936,583762424832,442014105600,481626339887
1760290974.0230205,51.8,12413591552,134892691456,174460928,35831015936,583762424832,442014106515,481626341261
1760290974.5238836,51.7,12412715008,134892691456,174460928,35831015936,583762424832,442014122496,481626357242
1760290975.024863,52.0,12422619136,134892691456,174460928,35831015936,583762424832,442014124183,481626359579
1760290975.5258524,51.7,12422168576,134892691456,174460928,35831015936,583762424832,442014139956,481626375352
1760290976.0267525,52.1,12406542336,134892691456,174460928,35831015936,583762424832,442014141136,481626376727
1760290976.5275316,52.8,12403912704,134892691456,174460928,35831015936,583762424832,442014156909,481626392500
1760290977.0287056,52.1,12414177280,134892691456,174460928,35831015936,583762424832,442014158660,481626394591
1760290977.5296087,51.7,12413767680,134892691456,174460928,35831015936,583762424832,442014175332,481626411263
1760290978.0306065,51.8,12420825088,134892691456,174460928,35831015936,583762424832,442014176588,481626412521
1760290978.531672,52.1,12429152256,134892691456,174460928,35831015936,583762424832,442014196924,481626432857
1760290979.0327241,51.7,12409159680,134892691456,174460928,35831015936,583762424832,442014198781,481626435520
1760290979.533597,51.8,12425183232,134892691456,174460928,35831015936,583762424832,442014214554,481626451293
1760290980.0344713,51.6,12417732608,134892691456,174460928,35831015936,583762424832,442014216163,481626453418
1760290980.535305,51.9,12433788928,134892691456,174460928,35831015936,583762424832,442014232768,481626470023
1760290981.0361724,51.7,12423376896,134892691456,174460928,35831015936,583762424832,442014233758,481626471426
1760290981.5368705,51.7,12423233536,134892691456,174460928,35831015936,583762424832,442014250363,481626488031
1760290982.037744,51.8,12411797504,134892691456,174460928,35831015936,583762424832,442014251561,481626489384
1760290982.5384924,51.8,12411371520,134892691456,174460928,35831015936,583762424832,442014269897,481626507720
1760290983.0397384,51.6,12402622464,134892691456,174460928,35831015936,583762424832,442014271857,481626509637
1760290983.5414667,51.7,12402450432,134892691456,174460928,35831015936,583762424832,442014294897,481626532677
1760290984.0425172,51.6,12395032576,134892691456,174460928,35831015936,583762424832,442014295535,481626533382
1760290984.5432105,51.7,12395032576,134892691456,174460928,35831015936,583762424832,442014311516,481626549363
1760290985.0441508,51.7,12388368384,134892691456,174460928,35831015936,583762424832,442014312306,481626550565
1760290985.5450015,51.6,12388368384,134892691456,174460928,35831015936,583762424832,442014328079,481626566338
1760290986.045843,51.7,12381671424,134892691456,174460928,35831015936,583762424832,442014328509,481626567164
1760290986.5467234,51.6,12381184000,134892691456,174460928,35831015936,583762424832,442014344282,481626582937
1760290987.047659,51.5,12377358336,134892691456,174460928,35831015936,583762424832,442014345921,481626585722
1760290987.5485063,51.7,12377874432,134892691456,174460928,35831015936,583762424832,442014362593,481626602394
1760290988.0493784,51.6,12375719936,134892691456,174460928,35831015936,583762424832,442014363873,481626603646
1760290988.5502565,51.7,12375707648,134892691456,174460928,35831015936,583762424832,442014384209,481626623982
1760290989.0511541,51.6,12373618688,134892691456,174460928,35831015936,583762424832,442014385470,481626625220
1760290989.5520318,51.7,12373618688,134892691456,174460928,35831015936,583762424832,442014401243,481626640993
1760290990.053051,51.6,12371881984,134892691456,174460928,35831015936,583762449408,442014401881,481626641763
1760290990.5540512,51.7,12371619840,134892691456,174460928,35831015936,583762449408,442014418486,481626658368
1760290991.054884,51.6,12372115456,134892691456,174460928,35831015936,583762449408,442014418486,481626658368
1760290991.5557196,51.6,12372373504,134892691456,174460928,35831015936,583762449408,442014435830,481626676115
1760290992.0565822,51.7,12372373504,134892691456,174460928,35831015936,583762449408,442014436662,481626676947
1760290992.5574641,51.7,12372373504,134892691456,174460928,35831015936,583762449408,442014454046,481626694294
1760290993.0584538,51.6,12372889600,134892691456,174460928,35831015936,583762449408,442014456334,481626696582
1760290993.5596395,51.6,12372889600,134892691456,174460928,35831015936,583762449408,442014477932,481626718576
1760290994.0605485,51.5,12372889600,134892691456,174460928,35831015936,583762449408,442014480844,481626721488
1760290994.5614061,51.7,12373377024,134892691456,174460928,35831015936,583762449408,442014496825,481626737793
1760290995.0623753,51.5,12373721088,134892691456,174460928,35831015936,583762449408,442014497033,481626738001
1760290995.5632565,51.6,12373721088,134892691456,174460928,35831015936,583762457600,442014512806,481626753913
1760290996.0641792,51.6,12373606400,134892691456,174460928,35831015936,583762457600,442014512806,481626753913
1760290996.565046,51.8,12373606400,134892691456,174460928,35831015936,583762457600,442014528579,481626769946
1760290997.0658798,51.6,12373864448,134892691456,174460928,35831015936,583762457600,442014528579,481626769946
1760290997.566717,51.6,12373864448,134892691456,174460928,35831015936,583762457600,442014545117,481626786514
1760290998.0676732,51.6,12374368256,134892691456,174460928,35831015936,583762457600,442014545741,481626787138
1760290998.5684447,51.7,12374368256,134892691456,174460928,35831015936,583762457600,442014566275,481626808011
1760290999.0693188,51.8,12392677376,134892691456,174460928,35831015936,583762457600,442014566483,481626808219
1760290999.570204,51.6,12392677376,134892691456,174460928,35831015936,583762457600,442014582948,481626824748
1760291000.0712154,51.8,12423434240,134892691456,174460928,35831015936,583762457600,442014582948,481626824748
1760291000.572467,51.8,12424179712,134892691456,174460928,35831015936,583762457600,442014599891,481626842067
1760291001.073512,51.6,12414595072,134892691456,174460928,35831015936,583762457600,442014600723,481626842899
1760291001.574523,51.9,12431564800,134892691456,174460928,35831015936,583762457600,442014618029,481626860262
1760291002.0754483,51.6,12420280320,134892691456,174460928,35831015936,583762457600,442014618861,481626861094
1760291002.5763645,51.8,12437311488,134892691456,174460928,35831015936,583762457600,442014636223,481626878358
1760291003.077255,51.7,12426706944,134892691456,174460928,35831015936,583762457600,442014638511,481626880646
1760291003.578229,51.8,12451467264,134892691456,174460928,35831015936,583762457600,442014660793,481626903032
1760291004.0790296,51.7,12438941696,134892691456,174460928,35831015936,583762457600,442014663705,481626905944
1760291004.5800273,51.6,12438941696,134892691456,174460928,35831015936,583762457600,442014680042,481626922614
1760291005.0808847,51.8,12442271744,134892691456,174460928,35831015936,583762457600,442014680250,481626922822
1760291005.5817723,51.6,12442443776,134892691456,174460928,35831015936,583762457600,442014697152,481626940074
1760291006.0827696,51.8,12453920768,134892691456,174460928,35831015936,583762457600,442014697152,481626940074
1760291006.583758,52.7,12453670912,134892691456,174460928,35831015936,583762457600,442014713694,481626957233
1760291007.0847447,51.9,12438274048,134892691456,174460928,35831015936,583762457600,442014713694,481626957233
1760291007.5861046,51.7,12438405120,134892691456,174460928,35831015936,583762457600,442014731356,481626974889
1760291008.0870557,52.1,12460797952,134892691456,174460928,35831015936,583762457600,442014731980,481626975513
1760291008.589567,51.7,12461006848,134892691456,174723072,35831015936,583762457600,442014754000,481626997885
1760291009.090429,51.6,12446793728,134892691456,174723072,35831015936,583762457600,442014754208,481626998093
1760291009.5912752,52.0,12446199808,134892691456,174723072,35831015936,583762457600,442014771105,481627015228
1760291010.0922534,51.6,12427784192,134892691456,174723072,35831015936,583762457600,442014771105,481627015228
1760291010.593256,51.9,12444385280,134892691456,174723072,35831015936,583762457600,442014788626,481627033268
1760291011.0941525,51.7,12432232448,134892691456,174723072,35831015936,583762457600,442014789458,481627034100
1760291011.595032,51.9,12448743424,134892691456,174723072,35831015936,583762457600,442014806564,481627051580
1760291012.0959103,51.7,12436869120,134892691456,174723072,35831015936,583762457600,442014807396,481627052412
1760291012.596774,51.9,12471382016,134892691456,174723072,35831015936,583762457600,442014827984,481627073360
1760291013.0976665,51.8,12450906112,134892691456,174723072,35831015936,583762457600,442014830272,481627075648
1760291013.5986364,51.7,12450500608,134892691456,174723072,35831015936,583762457600,442014852617,481627098071
1760291014.0995305,51.7,12441600000,134892691456,174723072,35831015936,583762457600,442014852825,481627098279
1760291014.6005545,51.7,12440563712,134892691456,174985216,35831015936,583762457600,442014869014,481627114468
1760291015.1016092,51.9,12440297472,134892691456,174985216,35831015936,583762457600,442014870957,481627116599
1760291015.6027308,51.7,12440297472,134892691456,174985216,35831015936,583762457600,442014886730,481627132372
1760291016.103473,51.8,12443172864,134892691456,174985216,35831015936,583762457600,442014888272,481627134014
1760291016.604372,51.7,12443004928,134892691456,174985216,35831015936,583762457600,442014904045,481627149787
1760291017.1052637,52.1,12446060544,134892691456,174985216,35831015936,583762457600,442014905582,481627152469
1760291017.6061938,51.7,12446191616,134892691456,174985216,35831015936,583762457600,442014921630,481627168517
1760291018.1072018,51.5,12435419136,134892691456,174985216,35831015936,583762457600,442014923964,481627171136
1760291018.6081996,51.9,12452007936,134892691456,174985216,35831015936,583762457600,442014944716,481627191888
1760291019.1092439,51.8,12438392832,134892691456,174985216,35831015936,583762457600,442014945841,481627193452
1760291019.6101313,51.9,12451512320,134892691456,174985216,35831015936,583762457600,442014961614,481627209225
1760291020.111201,51.7,12444114944,134892691456,174985216,35831015936,583762457600,442014962995,481627210547
1760291020.612229,51.8,12460380160,134892691456,174985216,35831015936,583762457600,442014978768,481627226320
1760291021.1133358,51.6,12434497536,134892691456,174985216,35831015936,583762457600,442014980102,481627227828
1760291021.6144638,51.9,12442603520,134892691456,174985216,35831015936,583762457600,442014996707,481627244433
1760291022.115331,51.7,12431933440,134892691456,174985216,35831015936,583762457600,442014997419,481627245171
1760291022.6162229,51.7,12430372864,134892691456,174985216,35831015936,583762457600,442015014507,481627262259
1760291023.117152,52.0,12419104768,134892691456,174985216,35831015936,583762457600,442015020165,481627268203
1760291023.6180365,51.7,12419104768,134892691456,174985216,35831015936,583762457600,442015042581,481627290619
1760291024.1190536,52.1,12430352384,134892691456,174985216,35831015936,583762457600,442015043912,481627292461
1760291024.6203165,51.6,12428521472,134892691456,174985216,35831015936,583762457600,442015060309,481627308858
1760291025.121287,52.0,12440178688,134892691456,174985216,35831015936,583762457600,442015060521,481627309314
1760291025.6222694,51.7,12437913600,134892691456,174985216,35831015936,583762457600,442015076294,481627325087
1760291026.1231499,52.3,12464214016,134892691456,174985216,35831015936,583762457600,442015077006,481627326042
1760291026.6240718,51.9,12446580736,134892691456,174985216,35831015936,583762457600,442015092779,481627341815
1760291027.1249535,51.5,12437127168,134892691456,174985216,35831015936,583762457600,442015093844,481627343262
1760291027.6257958,52.0,12444585984,134892691456,174985216,35831015936,583762457600,442015109892,481627359310
1760291028.1270192,51.7,12433027072,134892691456,174985216,35831015936,583762457600,442015111706,481627361090
1760291028.6282568,52.2,12449689600,134892691456,174985216,35831015936,583762457600,442015132458,481627381842
1760291029.129413,51.6,12438876160,134892691456,174985216,35831015936,583762457600,442015133224,481627382654
1760291029.6304767,52.1,12457971712,134892691456,174985216,35831015936,583762457600,442015148997,481627398427
1760291030.131728,51.5,12448915456,134892691456,174985216,35831015936,583762457600,442015150124,481627400067
1760291030.6327617,51.8,12466708480,134892691456,174985216,35831015936,583762457600,442015165897,481627415840
1760291031.133832,51.8,12451041280,134892691456,174985216,35831015936,583762457600,442015167178,481627417699
1760291031.6348224,51.6,12450009088,134892691456,174985216,35831015936,583762457600,442015183783,481627434304
1760291032.1357162,52.0,12459565056,134892691456,174985216,35831015936,583762457600,442015186161,481627436960
1760291032.636624,51.7,12459417600,134892691456,174985216,35831015936,583762457600,442015203249,481627454048
1760291033.137665,52.5,12466847744,134892691456,174985216,35831015936,583762457600,442015208759,481627459915
1760291033.63884,51.8,12463251456,134892691456,174985216,35831015936,583762457600,442015231175,481627482331
1760291034.1407223,51.6,12454027264,134892691456,174985216,35831015936,583762457600,442015233405,481627484638
1760291034.6419008,52.2,12470333440,134892691456,174985216,35831015936,583762457600,442015249802,481627501035
1760291035.1428905,51.6,12459159552,134892691456,174985216,35831015936,583762457600,442015251698,481627503318
1760291035.644011,52.0,12474368000,134892691456,174985216,35831015936,583762457600,442015267471,481627519091
1760291036.1450865,51.6,12464271360,134892691456,174985216,35831015936,583762457600,442015269362,481627521817
1760291036.6461287,53.3,12458782720,134892691456,174985216,35831015936,583762457600,442015285135,481627537590
1760291037.1470861,51.7,12458065920,134892691456,174985216,35831015936,583762457600,442015286391,481627539166
1760291037.6481435,51.6,12458065920,134892691456,174985216,35831015936,583762457600,442015302439,481627555214
1760291038.149171,52.1,12456206336,134892691456,174985216,35831015936,583762457600,442015302439,481627555214
1760291038.649886,51.6,12451287040,134892691456,174985216,35831015936,583762457600,442015323712,481627577193
1760291039.1507607,51.8,12465496064,134892691456,174985216,35831015936,583762457600,442015324336,481627577817
1760291039.6516647,51.6,12459163648,134892691456,174985216,35831015936,583762457600,442015341251,481627594899
1760291040.1524131,51.8,12475973632,134892691456,174985216,35831015936,583762457600,442015341251,481627594899
1760291040.6533144,51.7,12472975360,134892691456,174985216,35831015936,583762457600,442015358169,481627612120
1760291041.1543696,52.0,12501770240,134892691456,174985216,35831015936,583762457600,442015358169,481627612120
1760291041.6554036,51.7,12483342336,134892691456,174985216,35831015936,583762457600,442015375540,481627629557
1760291042.1564388,51.6,12477427712,134892691456,174985216,35831015936,583762457600,442015376372,481627630389
1760291042.6574612,51.8,12470296576,134892691456,174985216,35831015936,583762457600,442015393340,481627647638
1760291043.1585772,51.6,12465987584,134892691456,174985216,35831015936,583762457600,442015394380,481627648678
1760291043.659611,51.7,12462092288,134892691456,174985216,35831015936,583762457600,442015418474,481627673163
1760291044.160491,51.5,12456996864,134892691456,174985216,35831015936,583762457600,442015420762,481627675451
1760291044.6613274,51.6,12452278272,134892691456,174985216,35831015936,583762457600,442015437797,481627692882
1760291045.1623347,51.6,12449673216,134892691456,174985216,35831015936,583762457600,442015438421,481627693506
1760291045.663195,51.7,12447068160,134892691456,174985216,35831015936,583762457600,442015454984,481627710157
1760291046.164123,51.7,12444176384,134892691456,174985216,35831015936,583762457600,442015454984,481627710157
1760291046.6649752,51.8,12441251840,134892691456,174985216,35831015936,583762457600,442015472035,481627727555
1760291047.1658816,51.7,12439109632,134892691456,174985216,35831015936,583762457600,442015472035,481627727555
1760291047.6667643,51.6,12436668416,134892691456,174985216,35831015936,583762457600,442015489364,481627745383
1760291048.1679378,51.7,12435767296,134892691456,174985216,35831015936,583762457600,442015489364,481627745383
1760291048.6689575,51.7,12433911808,134892691456,174985216,35831015936,583762457600,442015511113,481627767447
1760291049.1698408,51.6,12432822272,134892691456,174985216,35831015936,583762457600,442015511737,481627768071
1760291049.6708877,51.7,12431900672,134892691456,174985216,35831015936,583762457600,442015528351,481627785112
1760291050.1718903,51.7,12431077376,134892691456,174985216,35831015936,583762457600,442015528351,481627785112
1760291050.6728876,51.8,12430049280,134892691456,174985216,35831015936,583762457600,442015545463,481627802536
1760291051.1738982,51.6,12429664256,134892691456,174985216,35831015936,583762457600,442015545463,481627802536
1760291051.6749754,51.6,12429664256,134892691456,174985216,35831015936,583762457600,442015562280,481627819463
1760291052.1760142,51.6,12429664256,134892691456,174985216,35831015936,583762457600,442015563112,481627820295
1760291052.6770082,51.6,12429697024,134892691456,174985216,35831015936,583762457600,442015580486,481627837668
1760291053.17787,51.5,12429955072,134892691456,174985216,35831015936,583762457600,442015581526,481627838708
1760291053.678592,51.6,12429955072,134892691456,174985216,35831015936,583762457600,442015606026,481627863315
1760291054.1795042,51.6,12429955072,134892691456,174985216,35831015936,583762457600,442015608314,481627865603
1760291054.680547,51.7,12429955072,134892691456,174985216,35831015936,583762457600,442015625325,481627882973
1760291055.1815856,51.6,12429955072,134892691456,174985216,35831015936,583762457600,442015625949,481627883597
1760291055.6827092,51.7,12429955072,134892691456,174985216,35831015936,583762457600,442015642128,481627900281
1760291056.1836631,51.6,12429955072,134892691456,174985216,35831015936,583762457600,442015642128,481627900281
1760291056.684386,51.6,12429955072,134892691456,174985216,35831015936,583762457600,442015658307,481627917079
1760291057.1851397,51.7,12429955072,134892691456,174985216,35831015936,583762457600,442015658307,481627917079
1760291057.6858983,51.7,12429955072,134892691456,174985216,35831015936,583762457600,442015675262,481627934081
1760291058.186897,51.8,12446212096,134892691456,174985216,35831015936,583762457600,442015675262,481627934081
1760291058.689169,51.8,12445159424,134892691456,174985216,35831015936,583762457600,442015696555,481627955430
1760291059.1902316,51.6,12445159424,134892691456,174985216,35831015936,583762457600,442015697179,481627956054
1760291059.691154,51.9,12458700800,134892691456,174985216,35831015936,583762482176,442015713715,481627972634
1760291060.1920507,51.7,12459167744,134892691456,174985216,35831015936,583762482176,442015713715,481627972634
1760291060.692887,51.9,12472774656,134892691456,174985216,35831015936,583762482176,442015730503,481627989820
1760291061.1937826,51.5,12471885824,134892691456,174985216,35831015936,583762482176,442015730503,481627989820
1760291061.6946785,51.7,12465602560,134892691456,174985216,35831015936,583762482176,442015746276,481628005593
1760291062.1955636,52.0,12482039808,134892691456,175247360,35831015936,583762482176,442015747862,481628007187
1760291062.6965938,51.7,12474023936,134892691456,175247360,35831015936,583762482176,442015764742,481628024067
1760291063.1974773,51.7,12473647104,134892691456,175247360,35831015936,583762482176,442015767107,481628026726
1760291063.6983624,51.8,12483375104,134892691456,175247360,35831015936,583762482176,442015788614,481628047894
1760291064.1991322,51.7,12481675264,134892691456,175247360,35831015936,583762482176,442015793318,481628052995
1760291064.7001908,51.9,12488708096,134892691456,175247360,35831015936,583762482176,442015811379,481628071056
1760291065.2012837,51.7,12487770112,134892691456,175247360,35831015936,583762490368,442015813331,481628073192
1760291065.7024283,51.8,12487577600,134892691456,175247360,35831015936,583762490368,442015829728,481628089589
1760291066.2034287,51.6,12486717440,134892691456,175247360,35831015936,583762490368,442015830905,481628090822
1760291066.7042851,53.1,12480057344,134892691456,175247360,35831015936,583762490368,442015846678,481628106595
1760291067.2052283,51.6,12470951936,134892691456,175247360,35831015936,583762490368,442015848207,481628108525
1760291067.7062335,51.9,12471955456,134892691456,175247360,35831015936,583762490368,442015864255,481628124573
1760291068.2073243,51.6,12471107584,134892691456,175509504,35831015936,583762490368,442015866273,481628127173
1760291068.708404,51.8,12462821376,134892691456,175509504,35831015936,583762490368,442015886401,481628147301
1760291069.2094126,51.8,12470288384,134892691456,175509504,35831015936,583762490368,442015888132,481628149615
1760291069.7104359,51.6,12465111040,134892691456,175509504,35831015936,583762490368,442015904529,481628166012
1760291070.2114918,52.0,12481654784,134892691456,175509504,35831015936,583762490368,442015905569,481628167467
1760291070.7126863,51.6,12473085952,134892691456,175509504,35831015936,583762490368,442015921342,481628183240
1760291071.2135682,51.8,12489269248,134892691456,175509504,35831015936,583762490368,442015924709,481628186843
1760291071.7145736,51.7,12479483904,134892691456,175509504,35831015936,583762490368,442015940482,481628202616
1760291072.2154224,51.7,12479229952,134892691456,175509504,35831015936,583762490368,442015942579,481628204821
1760291072.7163253,51.9,12488167424,134892691456,175509504,35831015936,583762490368,442015961763,481628224005
1760291073.21721,51.6,12484567040,134892691456,175509504,35831015936,583762490368,442015964553,481628226877
1760291073.7182763,51.9,12501118976,134892691456,175509504,35831015936,583762490368,442015985513,481628247837
1760291074.2193506,51.5,12499615744,134892691456,175509504,35831015936,583762490368,442015987807,481628250652
1760291074.7204125,51.9,12504002560,134892691456,175509504,35831015936,583762490368,442016005868,481628268713
1760291075.2213438,51.6,12503592960,134892691456,175509504,35831015936,583762490368,442016009006,481628272389
1760291075.7223377,52.0,12501876736,134892691456,175509504,35831015936,583762490368,442016025403,481628288786
1760291076.223481,51.6,12499292160,134892691456,175509504,35831015936,583762490368,442016027295,481628291201
1760291076.7245095,51.7,12488273920,134892691456,175509504,35831015936,583762490368,442016043068,481628306974
1760291077.225427,51.9,12497342464,134892691456,175509504,35831015936,583762490368,442016045871,481628310592
1760291077.726476,51.6,12488286208,134892691456,175509504,35831015936,583762490368,442016061919,481628326640
1760291078.227526,51.9,12504682496,134892691456,175509504,35831015936,583762490368,442016063400,481628328374
1760291078.7286236,51.7,12494458880,134892691456,175509504,35831015936,583762490368,442016083528,481628348502
1760291079.2295954,51.9,12526571520,134892691456,175509504,35831015936,583762490368,442016085860,481628351225
1760291079.730642,51.6,12512092160,134892691456,175509504,35831015936,583762490368,442016102257,481628367622
1760291080.231562,51.6,12510044160,134892691456,175509504,35831015936,583762490368,442016102884,481628368571
1760291080.732455,51.8,12512833536,134892691456,175771648,35831015936,583762490368,442016118657,481628384344
1760291081.2333832,51.6,12512358400,134892691456,175771648,35831015936,583762490368,442016119721,481628385850
1760291081.7342913,51.8,12514639872,134892691456,175771648,35831015936,583762490368,442016135494,481628401623
1760291082.2352095,51.5,12514181120,134892691456,175771648,35831015936,583762490368,442016137927,481628404496
1760291082.736127,52.2,12514267136,134892691456,175771648,35831015936,583762490368,442016158135,481628424704
1760291083.2370527,51.5,12513406976,134892691456,175771648,35831015936,583762490368,442016159704,481628426302
1760291083.7379441,52.1,12516282368,134892691456,175771648,35831015936,583762490368,442016180664,481628447262
1760291084.2388835,51.6,12515397632,134892691456,175771648,35831015936,583762490368,442016180664,481628447262
1760291084.740301,52.1,12520255488,134892691456,175771648,35831015936,583762490368,442016197916,481628464650
1760291085.2413654,51.6,12519247872,134892691456,175771648,35831015936,583762490368,442016200204,481628466938
1760291085.742346,51.5,12504367104,134892691456,175771648,35831015936,583762490368,442016217873,481628484944
1760291086.2433188,52.0,12500914176,134892691456,175771648,35831015936,583762490368,442016218497,481628485568
1760291086.744232,51.7,12492767232,134892691456,175771648,35831015936,583762490368,442016234974,481628502682
1760291087.2451475,52.0,12508618752,134892691456,175771648,35831015936,583762490368,442016234974,481628502682
1760291087.7460444,51.7,12497842176,134892691456,175771648,35831015936,583762490368,442016253549,481628521654
1760291088.248203,52.3,12506271744,134892691456,175771648,35831015936,583762490368,442016253549,481628521654
1760291088.749319,51.8,12498628608,134892691456,175771648,35831015936,583762490368,442016275510,481628544048
1760291089.2503653,51.7,12496871424,134892691456,175771648,35831015936,583762490368,442016275510,481628544048
1760291089.751443,52.0,12474830848,134892691456,175771648,35831015936,583762490368,442016292762,481628561378
1760291090.2525144,51.5,12474245120,134892691456,175771648,35831015936,583762490368,442016293386,481628562002
1760291090.7533984,52.1,12464652288,134892691456,175771648,35831015936,583762490368,442016309299,481628578020
1760291091.2546203,51.8,12464910336,134892691456,175771648,35831015936,583762490368,442016309299,481628578020
1760291091.7556515,52.3,12475723776,134892691456,175771648,35831015936,583762490368,442016327176,481628595951
1760291092.25672,51.6,12475150336,134892691456,175771648,35831015936,583762490368,442016327176,481628595951
1760291092.7577717,52.2,12478660608,134892691456,175771648,35831015936,583762490368,442016345755,481628614901
1760291093.2588875,51.6,12478062592,134892691456,175771648,35831015936,583762490368,442016349915,481628619061
1760291093.7598948,51.7,12473094144,134892691456,175771648,35831015936,583762490368,442016371471,481628641106
1760291094.260963,52.2,12481867776,134892691456,175771648,35831015936,583762490368,442016372303,481628641938
1760291094.761834,51.7,12479004672,134892691456,175771648,35831015936,583762490368,442016390030,481628660105
1760291095.262807,52.7,12496044032,134892691456,175771648,35831015936,583762490368,442016392318,481628662393
1760291095.7638378,51.7,12489666560,134892691456,175771648,35831015936,583762490368,442016411878,481628682364
1760291096.2648866,51.6,12490428416,134892691456,175771648,35831015936,583762490368,442016412502,481628682988
1760291096.7658968,53.3,12497190912,134892691456,175771648,35831015936,583762490368,442016429459,481628700325
1760291097.266833,51.5,12497047552,134892691456,175771648,35831015936,583762490368,442016429459,481628700325
1760291097.7680275,52.1,12508786688,134892691456,175771648,35831015936,583762490368,442016447126,481628718067
1760291098.269244,51.6,12508606464,134892691456,175771648,35831015936,583762490368,442016447126,481628718067
1760291098.770359,52.0,12515475456,134892691456,175771648,35831015936,583762490368,442016468396,481628740105
1760291099.2714365,51.5,12514353152,134892691456,176033792,35831015936,583762490368,442016468396,481628740105
1760291099.7724898,51.9,12509900800,134892691456,176033792,35831015936,583762490368,442016484962,481628756952
1760291100.2735505,51.6,12501401600,134892691456,176033792,35831015936,583762490368,442016485586,481628757576
1760291100.7746,51.5,12492394496,134892691456,176033792,35831015936,583762490368,442016502141,481628774670
1760291101.2755337,51.9,12508782592,134892691456,176033792,35831015936,583762490368,442016502141,481628774670
1760291101.7764435,51.9,12487233536,134892691456,176033792,35831015936,583762564096,442016519048,481628792007
1760291102.277489,51.7,12486467584,134892691456,176033792,35831015936,583762564096,442016519048,481628792007
1760291102.7783918,51.7,12484042752,134892691456,176033792,35831015936,583762564096,442016536480,481628809356
1760291103.2793655,51.6,12481261568,134892691456,176033792,35831015936,583762564096,442016540640,481628813516
1760291103.7805583,51.6,12476305408,134892691456,176033792,35831015936,583762564096,442016561198,481628834141
1760291104.2816863,51.6,12476149760,134892691456,176033792,35831015936,583762564096,442016562030,481628834973
1760291104.7827897,51.6,12470505472,134892691456,176033792,35831015936,583762564096,442016579009,481628852106
1760291105.2838836,51.7,12469997568,134892691456,176033792,35831015936,583762564096,442016581297,481628854394
1760291105.7848954,51.5,12467253248,134892691456,176033792,35831015936,583762564096,442016598692,481628872200
1760291106.2859545,51.6,12467224576,134892691456,176033792,35831015936,583762564096,442016599316,481628872824
1760291106.7868817,51.6,12464660480,134892691456,176033792,35831015936,583762990080,442016617000,481628891627
1760291107.2883992,51.7,12464660480,134892691456,176033792,35831015936,583762990080,442016617000,481628891627
1760291107.7896228,51.7,12462907392,134892691456,176033792,35831015936,583762990080,442016633048,481628907675
1760291108.2906723,51.6,12463144960,134892691456,176033792,35831015936,583763039232,442016634328,481628909251
1760291108.7916894,51.7,12463144960,134892691456,176033792,35831015936,583763039232,442016654456,481628929379
1760291109.292724,51.7,12462632960,134892691456,176033792,35831015936,583763039232,442016655717,481628930617
1760291109.793737,51.7,12462100480,134892691456,176033792,35831015936,583763039232,442016671490,481628946390
1760291110.2947628,51.6,12462100480,134892691456,176033792,35831015936,583763039232,442016671920,481628946892
1760291110.7957976,51.7,12461445120,134892691456,176033792,35831015936,583763039232,442016688317,481628963289
1760291111.2968411,51.7,12461445120,134892691456,176033792,35831015936,583763039232,442016689250,481628964174
1760291111.7978508,51.7,12461445120,134892691456,176033792,35831015936,583763039232,442016705023,481628979947
1760291112.2990174,51.6,12461166592,134892691456,176033792,35831015936,583763039232,442016705453,481628980952
1760291112.8003223,51.5,12461424640,134892691456,176033792,35831015936,583763039232,442016721501,481628997000
1760291113.3014631,51.7,12461424640,134892691456,176033792,35831015936,583763072000,442016722629,481628998507
1760291113.8025784,51.7,12461424640,134892691456,176033792,35831015936,583763072000,442016746917,481629022795
1760291114.3036551,51.5,12461424640,134892691456,176033792,35831015936,583763072000,442016747347,481629023713
1760291114.8047032,51.6,12461682688,134892691456,176033792,35831015936,583763072000,442016763952,481629040318
1760291115.3057363,51.6,12461682688,134892691456,176033792,35831015936,583763072000,442016764368,481629040918
1760291115.8067656,51.6,12461682688,134892691456,176033792,35831015936,583763072000,442016782429,481629058979
1760291116.3079758,51.7,12461682688,134892691456,176033792,35831015936,583763072000,442016783261,481629059950
1760291116.8092408,51.6,12462198784,134892691456,176033792,35831015936,583763072000,442016799658,481629076347
1760291117.3102312,51.5,12462198784,134892691456,176033792,35831015936,583763072000,442016800148,481629076988
1760291117.8111641,51.6,12462198784,134892691456,176033792,35831015936,583763072000,442016816196,481629093036
1760291118.312216,51.6,12462198784,134892691456,176033792,35831015936,583763072000,442016816196,481629093499
1760291118.8132691,51.9,12478971904,134892691456,176033792,35831015936,583763072000,442016836324,481629113627
1760291119.3145201,51.6,12478513152,134892691456,176033792,35831015936,583763072000,442016837083,481629114738
1760291119.815567,51.9,12490301440,134892691456,176033792,35831015936,583763072000,442016852856,481629130511
1760291120.316562,51.6,12490301440,134892691456,176033792,35831015936,583763072000,442016853209,481629131201
1760291120.8176053,51.8,12502491136,134892691456,176033792,35831015936,583763072000,442016869606,481629147598
1760291121.3185515,51.5,12502491136,134892691456,176295936,35831015936,583763072000,442016870931,481629148980
1760291121.8194864,51.7,12511977472,134892691456,176295936,35831015936,583763072000,442016886704,481629164753
1760291122.3205988,51.7,12511752192,134892691456,176295936,35831015936,583763072000,442016887955,481629165919
1760291122.8214893,51.6,12504662016,134892691456,176295936,35831015936,583763072000,442016904003,481629181967
1760291123.322645,52.1,12526731264,134892691456,176295936,35831015936,583763072000,442016905937,481629183908
1760291123.82385,51.7,12517818368,134892691456,176295936,35831015936,583763072000,442016930225,481629208196
1760291124.324881,51.8,12517679104,134892691456,176295936,35831015936,583763072000,442016930225,481629208520
1760291124.8258142,51.5,12509663232,134892691456,176295936,35831015936,583763072000,442016946830,481629225125
1760291125.3268232,51.5,12509921280,134892691456,176295936,35831015936,583763072000,442016948375,481629227020
1760291125.8279915,51.9,12529152000,134892691456,176295936,35831015936,583763072000,442016966436,481629245081
1760291126.3290732,51.8,12529152000,134892691456,176295936,35831015936,583763072000,442016968038,481629247299
1760291126.830265,52.8,12535869440,134892691456,176295936,35831015936,583763072000,442016984435,481629263696
1760291127.3315165,51.6,12535451648,134892691456,176295936,35831015936,583763072000,442016986049,481629265304
1760291127.8325324,51.9,12529844224,134892691456,176295936,35831015936,583763072000,442017002436,481629281352
1760291128.3334558,51.6,12529201152,134892691456,176295936,35831015936,583763072000,442017003972,481629283230
1760291128.834469,51.9,12527669248,134892691456,176295936,35831015936,583763072000,442017024100,481629303358
1760291129.335847,51.6,12519411712,134892691456,176295936,35831015936,583763072000,442017024863,481629304215
1760291129.837019,51.6,12510015488,134892691456,176295936,35831015936,583763096576,442017040636,481629319988
1760291130.3380265,51.8,12527734784,134892691456,176295936,35831015936,583763096576,442017042182,481629322110
1760291130.8390455,51.6,12517900288,134892691456,176295936,35831015936,583763096576,442017058579,481629338507
1760291131.3401763,52.0,12548898816,134892691456,176295936,35831015936,583763096576,442017058579,481629338507
1760291131.8412945,51.6,12531900416,134892691456,176295936,35831015936,583763096576,442017075829,481629356211
1760291132.342328,51.7,12523884544,134892691456,176295936,35831015936,583763096576,442017075829,481629356211
1760291132.8434148,52.0,12533780480,134892691456,176295936,35831015936,583763096576,442017095861,481629376190
1760291133.344493,51.9,12566429696,134892691456,176295936,35831015936,583763096576,442017095861,481629376190
1760291133.845497,51.7,12553760768,134892691456,176295936,35831015936,583763096576,442017118787,481629399582
1760291134.3464224,51.9,12552728576,134892691456,176295936,35831015936,583763096576,442017119619,481629400414
1760291134.8474603,51.7,12540022784,134892691456,176295936,35831015936,583763096576,442017137346,481629418255
1760291135.3483639,51.9,12541317120,134892691456,176295936,35831015936,583763104768,442017138178,481629419087
1760291135.8495128,51.7,12529717248,134892691456,176295936,35831015936,583763104768,442017155907,481629436922
1760291136.350425,51.5,12529299456,134892691456,176295936,35831015936,583763104768,442017158195,481629439210
1760291136.8513424,51.8,12520988672,134892691456,176295936,35831015936,583763104768,442017176337,481629458244
1760291137.3522642,51.7,12521246720,134892691456,176295936,35831015936,583763104768,442017176961,481629458868
1760291137.8531706,51.9,12532387840,134892691456,176295936,35831015936,583763104768,442017193912,481629476057
1760291138.3541868,51.6,12531998720,134892691456,176295936,35831015936,583763104768,442017193912,481629476057
1760291138.8550804,51.8,12526125056,134892691456,176295936,35831015936,583763104768,442017215169,481629497679
1760291139.356321,51.6,12519292928,134892691456,176295936,35831015936,583763104768,442017215169,481629497679
1760291139.8573384,51.9,12520554496,134892691456,176295936,35831015936,583763104768,442017232067,481629514951
1760291140.358341,51.6,12520554496,134892691456,176295936,35831015936,583763104768,442017232067,481629514951
1760291140.8594618,51.7,12515352576,134892691456,176295936,35831015936,583763104768,442017248966,481629531960
1760291141.3603878,51.8,12522815488,134892691456,176295936,35831015936,583763104768,442017249590,481629532584
1760291141.8612907,51.9,12533284864,134892691456,176295936,35831015936,583763104768,442017266787,481629549896
1760291142.3623528,51.6,12533284864,134892691456,176295936,35831015936,583763104768,442017266787,481629549896
1760291142.8632917,52.2,12541083648,134892691456,176295936,35831015936,583763104768,442017287324,481629570230
1760291143.364264,52.2,12557869056,134892691456,176295936,35831015936,583763104768,442017287324,481629570230
1760291143.8652158,51.7,12547645440,134892691456,176295936,35831015936,583763104768,442017309588,481629592984
1760291144.3662944,52.2,12555714560,134892691456,176295936,35831015936,583763104768,442017310420,481629593816
1760291144.8674996,51.8,12541825024,134892691456,176295936,35831015936,583763104768,442017326905,481629610729
1760291145.368717,52.2,12559876096,134892691456,176295936,35831015936,583763104768,442017327737,481629611561
1760291145.869955,51.7,12549615616,134892691456,176295936,35831015936,583763104768,442017344278,481629628656
1760291146.370854,51.6,12549251072,134892691456,176295936,35831015936,583763104768,442017346566,481629630944
1760291146.8717384,52.1,12545187840,134892691456,176295936,35831015936,583763104768,442017363884,481629648619
1760291147.3726351,51.6,12545134592,134892691456,176295936,35831015936,583763104768,442017364508,481629649243
1760291147.873553,52.1,12544290816,134892691456,176295936,35831015936,583763104768,442017382158,481629666939
1760291148.3744924,51.7,12543332352,134892691456,176295936,35831015936,583763104768,442017382158,481629666939
1760291148.875426,52.2,12533235712,134892691456,176295936,35831015936,583763104768,442017403052,481629688005
1760291149.376378,51.7,12533452800,134892691456,176295936,35831015936,583763104768,442017403052,481629688005
1760291149.8772762,51.8,12525350912,134892691456,176295936,35831015936,583763104768,442017419452,481629704669
1760291150.3781703,52.4,12560519168,134892691456,176295936,35831015936,583763104768,442017419452,481629704669
1760291150.8795269,51.7,12551417856,134892691456,176295936,35831015936,583763104768,442017437010,481629722974
1760291151.3804889,52.0,12551847936,134892691456,176295936,35831015936,583763104768,442017437634,481629723598
1760291151.8815176,51.6,12540862464,134892691456,176295936,35831015936,583763104768,442017455295,481629741514
1760291152.382512,52.0,12555698176,134892691456,176295936,35831015936,583763104768,442017455295,481629741514
1760291152.883621,51.7,12544675840,134892691456,176295936,35831015936,583763104768,442017476995,481629763225
1760291153.3845828,51.6,12544299008,134892691456,176295936,35831015936,583763104768,442017477961,481629764191
1760291153.8855038,52.2,12561596416,134892691456,176295936,35831015936,583763104768,442017498038,481629784343
1760291154.3864563,51.7,12561342464,134892691456,176295936,35831015936,583763104768,442017506248,481629792553
1760291154.8893209,52.2,12557434880,134892691456,176295936,35831015936,583763104768,442017514643,481629800948
1760291155.3907557,51.7,12557135872,134892691456,176295936,35831015936,583763104768,442017526025,481629812648
1760291155.8925507,51.9,12565532672,134892691456,176295936,35831015936,583763104768,442017533147,481629819770
1760291156.393597,52.5,12562898944,134892691456,176295936,35831015936,583763104768,442017545899,481629833172
1760291156.8951633,52.3,12553388032,134892691456,176295936,35831015936,583763104768,442017553511,481629840784
1760291157.396105,52.6,12562554880,134892691456,176295936,35831015936,583763104768,442017567523,481629855580
1760291157.8981905,51.7,12553084928,134892691456,176295936,35831015936,583763104768,442017571987,481629860044
1760291158.3991868,51.9,12558733312,134892691456,176295936,35831015936,583763104768,442017587338,481629875932
1760291158.9008217,51.6,12549017600,134892691456,176295936,35831015936,583763104768,442017593946,481629882540
1760291159.4017808,51.7,12567597056,134892691456,176295936,35831015936,583763104768,442017610540,481629899294
1760291159.9026976,51.8,12556570624,134892691456,176295936,35831015936,583763104768,442017610861,481629899615
1760291160.403688,51.7,12556521472,134892691456,176295936,35831015936,583763104768,442017627458,481629916510
1760291160.9046726,51.9,12562759680,134892691456,176295936,35831015936,583763104768,442017627779,481629916831
1760291161.405529,51.7,12561936384,134892691456,176295936,35831015936,583763104768,442017644013,481629933214
1760291161.906395,52.0,12566093824,134892691456,176295936,35831015936,583763104768,442017644958,481629934159
1760291162.407244,51.7,12566835200,134892691456,176295936,35831015936,583763104768,442017662112,481629951743
1760291162.9082224,51.6,12555214848,134892691456,176295936,35831015936,583763104768,442017662708,481629952339
1760291163.4090734,51.5,12554936320,134892691456,176295936,35831015936,583763104768,442017681918,481629972000
1760291163.9100761,51.6,12545511424,134892691456,176295936,35831015936,583763104768,442017686594,481629976676
1760291164.4110608,51.7,12545273856,134892691456,176295936,35831015936,583763104768,442017703300,481629993880
1760291164.9119885,51.6,12535013376,134892691456,176295936,35831015936,583763104768,442017704453,481629995033
1760291165.412834,51.7,12535013376,134892691456,176295936,35831015936,583763104768,442017720335,481630011047
1760291165.9137022,51.7,12529430528,134892691456,176295936,35831015936,583763104768,442017721488,481630012200
1760291166.4145613,51.6,12529430528,134892691456,176295936,35831015936,583763104768,442017738634,481630029693
1760291166.9155378,51.7,12525043712,134892691456,176295936,35831015936,583763104768,442017741243,481630032302
1760291167.4165196,51.8,12524883968,134892691456,176558080,35831015936,583763104768,442017758808,481630050426
1760291167.9173758,51.6,12521295872,134892691456,176558080,35831015936,583763104768,442017760028,481630051646
1760291168.418244,51.6,12521279488,134892691456,176558080,35831015936,583763104768,442017777101,481630068710
1760291168.9191973,51.6,12518580224,134892691456,176558080,35831015936,583763104768,442017781777,481630073386
1760291169.4201543,51.6,12518580224,134892691456,176558080,35831015936,583763104768,442017797659,481630089664
1760291169.9210987,51.6,12516167680,134892691456,176558080,35831015936,583763104768,442017797980,481630089985
1760291170.4220638,51.6,12516425728,134892691456,176558080,35831015936,583763104768,442017813862,481630106317
1760291170.9230013,51.7,12516425728,134892691456,176558080,35831015936,583763104768,442017814183,481630106638
1760291171.4238896,51.2,12439228416,134892691456,176558080,35831015936,583763104768,442017851670,481630144466
1760291171.9248757,52.1,12900855808,134892691456,176558080,35831015936,583763104768,442553547888,482165840684
1760291172.4257908,48.4,12891828224,134892691456,176558080,35831015936,583763104768,442553568336,482165861095
1760291172.9267488,50.3,12442865664,134892691456,176820224,35831015936,583763104768,442821288792,482433581551
1760291173.4276617,48.5,12441145344,134892691456,176820224,35831015936,583763104768,442821307508,482433600339
1760291173.9288065,48.4,12440961024,134892691456,176820224,35831015936,583763104768,442821312594,482433605425
1760291174.4298246,48.5,12436901888,134892691456,176820224,35831015936,583763104768,442821328144,482433620975
1760291174.9307365,48.5,12278394880,134892691456,176820224,35831015936,583763104768,442821330171,482433623002
1760291175.4317396,48.4,12276219904,134892691456,176820224,35831015936,583763104768,442821345511,482433638805
1760291175.9326441,48.4,12276736000,134892691456,176820224,35831015936,583763104768,442821346664,482433639958
1760291176.4336524,48.4,12276736000,134892691456,176820224,35831015936,583763104768,442821362420,482433656298
1760291176.93464,48.4,12276736000,134892691456,176820224,35831015936,583763104768,442821364821,482433658699
1760291177.4356425,48.5,12277469184,134892691456,176820224,35831015936,583763104768,442821384421,482433676099
1760291177.9366412,48.5,12277469184,134892691456,176820224,35831015936,583763104768,442821385017,482433676695
1760291178.4376564,48.5,12277469184,134892691456,176820224,35831015936,583763104768,442821400981,482433692659
1760291178.9385698,48.5,12296298496,134892691456,176820224,35831015936,583763104768,442821406063,482433697876
1760291179.4400167,48.6,12317425664,134892691456,177082368,35831015936,583763104768,442821421403,482433713216
1760291179.9416032,48.3,12316647424,134892691456,177082368,35831015936,583763104768,442821422430,482433714269
1760291180.4433243,46.7,12260368384,134892691456,177344512,35831015936,583763104768,442821455167,482433747006
1760291180.9451249,45.2,12421545984,134892691456,177344512,35831015936,583763104768,442821455841,482433747892
1760291181.446398,42.8,12188471296,134892691456,177344512,35831015936,583763104768,442821488347,482433780398
1760291181.9472568,41.9,12185174016,134892691456,177344512,35831015936,583763104768,442821493309,482433786094
1760291182.4481766,42.2,12186464256,134892691456,177344512,35831015936,583763104768,442821513001,482433805786
1760291182.949047,40.2,12203569152,134892691456,177344512,35831015936,583763104768,442821550347,482433843376
1760291183.44988,38.9,12202946560,134892691456,177344512,35831015936,583763104768,442821578168,482433871197
1760291183.9515777,39.0,12207054848,134892691456,177344512,35831015936,583763104768,442821580369,482433873858
1760291184.452427,38.8,12206923776,134892691456,177344512,35831015936,583763104768,442821595353,482433888842
1760291184.953245,38.9,12215193600,134892691456,177344512,35831015936,583763104768,442821596238,482433889796
1760291185.4540591,38.8,12214804480,134892691456,177344512,35831015936,583763104768,442821612054,482433905612
1760291185.9548662,38.3,12117233664,134892691456,177344512,35831015936,583763104768,442821630440,482433920940
1760291186.4556007,35.4,12100718592,134892691456,177344512,35831015936,583763104768,442821667389,482433957889
1760291186.9564583,32.4,12087717888,134892691456,177344512,35831015936,583763104768,442821668896,482433959688
1760291187.457315,32.9,12095459328,134892691456,177344512,35831015936,583763104768,442821686011,482433976803
1760291187.9581478,32.4,12191862784,134892691456,177344512,35831015936,583763104768,442821689486,482433980686
1760291188.4592617,30.5,11960131584,134892691456,177606656,35831015936,583763104768,442821781893,482434073093
1760291188.9599795,26.0,11939450880,134892691456,177606656,35831015936,583763104768,442821783658,482434075510
1760291189.460718,26.1,11957411840,134892691456,177606656,35831015936,583763104768,442821805180,482434097032
1760291189.9614925,26.0,11928895488,134892691456,177606656,35831015936,583763104768,442821806625,482434098973
1760291190.462328,26.1,11948728320,134892691456,177606656,35831015936,583763104768,442821821121,482434113469
1760291190.9630961,25.5,11832705024,134892691456,177606656,35831015936,583763104768,442821841383,482434129699
1760291191.4638422,22.8,11879821312,134892691456,177606656,35831015936,583763104768,442821859613,482434147929
1760291191.9649398,20.9,11923681280,134892691456,177868800,35831015936,583763104768,442821875363,482434163977
1760291192.4656513,16.9,11743576064,134892691456,178130944,35831015936,583763104768,442821943022,482434231297
1760291192.9664505,15.3,11641470976,134892691456,178130944,35831015936,583763104768,442821982859,482434271220
1760291193.467202,12.6,11721388032,134892691456,178130944,35831015936,583763104768,442822083516,482434371877
1760291193.968062,7.4,11468738560,134892691456,178130944,35831015936,583763104768,442822122654,482434553252
1760291194.4687634,7.0,11468574720,134892691456,178130944,35831015936,583763104768,442822143454,482434574052
1760291194.9696214,7.1,11448131584,134892691456,178130944,35831015936,583763104768,442822145926,482434577030
1760291195.470366,6.9,11444510720,134892691456,178130944,35831015936,583763104768,442822160324,482434591428
1760291195.971026,6.9,11418992640,134892691456,178130944,35831015936,583763104768,442822162187,482434593847
1760291196.4716442,7.4,11426557952,134892691456,178393088,35831015936,583763104768,442822176793,482434608453
1760291196.9723396,6.8,11397992448,134892691456,178393088,35831015936,583763104768,442822179574,482434612082
1760291197.4729807,7.2,11415265280,134892691456,178393088,35831015936,583763104768,442822195495,482434628003
1760291197.9736252,6.9,11385520128,134892691456,178393088,35831015936,583763104768,442822203093,482434631099
1760291198.474294,5.9,11418955776,134892691456,178655232,35831015936,583763104768,442822238435,482434666441
1760291198.9751444,4.3,11394260992,134892691456,178655232,35831015936,583763104768,442822240297,482434668472
1760291199.4758625,4.6,11396775936,134892691456,178655232,35831015936,583763104768,442822253959,482434682134
1760291199.9765713,4.1,11381366784,134892691456,178655232,35831015936,583763129344,442822255405,482434683753
1760291200.4772933,4.3,11376005120,134892691456,178655232,35831015936,583763129344,442822269067,482434697415
1760291200.978017,4.5,11352895488,134892691456,178655232,35831015936,583763129344,442822285840,482434714188
1760291201.4795222,2.8,11284770816,134892691456,179179520,35831110144,583763129344,442822645026,482435073806
1760291201.9808528,1.7,11285585920,134892691456,179179520,35831110144,583763129344,442822645347,482435074127
1760291202.4823365,1.8,11283496960,134892691456,179179520,35831110144,583763129344,442822856120,482435334687
1760291202.9835966,2.1,11274244096,134892691456,179179520,35831110144,583763129344,442822857429,482435335996
1760291203.4848814,1.5,11255939072,134892691456,180490240,35831198208,583763129344,442823083421,482435616775
1760291204.0148063,8.7,11262636032,134892691456,182587392,35831198208,583763129344,442823869931,482436403285
1760291204.5184927,1.9,11261116416,134892691456,185470976,35831272960,583763129344,442824048344,482437504829
1760291205.0198772,2.6,11273297920,134892691456,193335296,35831272960,583763129344,442824048344,482437504829
1760291205.5210488,2.7,11292655616,134892691456,198840320,35831322112,583763137536,442824200656,482439893078
1760291206.0224054,1.6,11278659584,134892691456,201461760,35831377408,583763137536,442824201280,482439893702
1760291206.5265462,3.5,11299987456,134892691456,206704640,35831377408,583763137536,442824353806,482442014315
